Auburn,Alabama,1

Illinois State,Kennesaw State,2

Auburn,Illinois State,7

Alabama,Kennesaw State,2

Auburn,Kennesaw State,11

Alabama,Illinois State,5

LSU,Kentucky,3

Illinois,Alabama-Huntsville,6

LSU,Alabama-Huntsville,8

Illinois,Kentucky,6

LSU,Illinois,4

Alabama-Huntsville,Kentucky,4

Vanderbilt,Mississippi State,4

Georgia State,Mississippi State,4

Georgia State,Vanderbilt,8

Alabama-Birmingham,Mississippi,6

Alabama-Birmingham,Southern Mississippi,6

Mississippi,Southern Mississippi,2

LSU B,Alabama B,7

Illinois State B,Alabama-Huntsville B,10

LSU B,Kentucky B,7

Illinois State B,Alabama B,2

Alabama B,Alabama-Huntsville B,4

Illinois State B,Kentucky B,4

LSU B,Alabama-Huntsville B,12

Alabama B,Kentucky B,2

Kentucky B,Alabama-Huntsville B,8

Auburn,Illinois,7

LSU,Alabama,1

Georgia State,Alabama-Birmingham,2

Vanderbilt,Mississippi,5

Mississippi State,Southern Mississippi,6

Kennesaw State,Alabama-Birmingham,5

Illinois State,Mississippi,9

Vanderbilt,Alabama-Huntsville,2

Kentucky,Georgia State,7

LSU B,Mississippi State,3

Southern Mississippi,Illinois State B,1

Kentucky B,Alabama-Huntsville B,10

Alabama B,Kentucky B,3

Alabama B,Alabama-Huntsville B,15

Auburn,Alabama-Huntsville,3

Illinois,Illinois State,3

LSU,Vanderbilt,11

Kennesaw State,Alabama,2

Auburn,Illinois,1

LSU,Kennesaw State,1

LSU,Auburn,1

Alabama-Huntsville,Illinois State,2

Alabama,Vanderbilt,6

Alabama,Alabama-Huntsville,5

Illinois State,Vanderbilt,9

Georgia State,Illinois State B,12

LSU B,Mississippi,6

Alabama-Birmingham,Southern Mississippi,11

Kentucky,Mississippi State,3

Georgia State,LSU B,5

Kentucky,Alabama-Birmingham,9

Kentucky,Georgia State,2

Illinois,Kennesaw State,6

Alabama-Birmingham,LSU B,8

Mississippi,Illinois State B,1

Mississippi State,Southern Mississippi,8

Mississippi State,Mississippi,8

Southern Mississippi,Illinois State B,5

North Carolina,Duke,6

Carleton College-GoP,Richmond,4

North Carolina,Carleton College-GoP,11

Richmond,Duke,5

North Carolina,Richmond,9

Carleton College-GoP,Duke,3

Georgia Tech,North Carolina-Wilmington,1

Georgetown,Tennessee,4

North Carolina-Wilmington,Tennessee,6

Georgia Tech,Georgetown,1

North Carolina-Wilmington,Georgetown,5

Georgia Tech,Tennessee,3

North Carolina State,Temple,10

Florida State,Appalachian State,4

North Carolina State,Appalachian State,7

Florida State,Temple,2

North Carolina State,Florida State,11

Temple,Appalachian State,1

Notre Dame,South Carolina,1

Emory,Clemson,6

Notre Dame,Emory,4

South Carolina,Clemson,6

Emory,South Carolina,2

Notre Dame,Clemson,3

Temple,Richmond,4

Duke,Appalachian State,5

South Carolina,Georgetown,3

Clemson,Tennessee,5

Duke,Clemson,7

Tennessee,Appalachian State,4

North Carolina,North Carolina State,3

North Carolina,North Carolina-Wilmington,8

North Carolina State,Emory,6

North Carolina,Florida State,6

North Carolina-Wilmington,Notre Dame,5

Emory,Georgia Tech,3

North Carolina State,Carleton College-GoP,10

North Carolina-Wilmington,Emory,6

Florida State,Notre Dame,4

Florida State,Carleton College-GoP,3

Notre Dame,Georgia Tech,2

Georgia Tech,Carleton College-GoP,4

South Carolina,Georgetown,1

Georgetown,Temple,3

South Carolina,Richmond,11

Richmond,Temple,1

Washington State,Western Washington B,13

Oregon,Washington State,11

Oregon,Western Washington B,13

Oregon State,Humboldt State,5

Lewis,Washington C,12

Oregon State,Washington C,13

Lewis,Humboldt State,5

Oregon State,Lewis,9

Humboldt State,Washington C,10

Whitman,Washington B,6

Nevada-Reno,Oregon State B,11

Whitman,Oregon State B,12

Nevada-Reno,Washington B,10

Whitman,Nevada-Reno,6

Washington B,Oregon State B,5

Gonzaga,Portland State,9

Puget Sound,Lewis,12

Gonzaga,Lewis,13

Puget Sound,Portland State,7

Gonzaga,Puget Sound,6

Portland State,Lewis,12

Oregon,Oregon State,7

Oregon,Whitman,7

Oregon State,Gonzaga,5

Oregon,Puget Sound,12

Whitman,Lewis,10

Oregon State,Nevada-Reno,7

Gonzaga,Washington State,2

Nevada-Reno,Lewis,4

Nevada-Reno,Washington State,4

Lewis,Puget Sound,4

Puget Sound,Washington State,10

Whitman,Gonzaga,8

Western Washington B,Washington C,1

Washington B,Lewis,15

Humboldt State,Portland State,4

Washington B,Western Washington B,7

Humboldt State,Lewis,13

Oregon State B,Washington C,3

Western Washington B,Oregon State B,6

Portland State,Washington C,8

Washington B,Humboldt State,2

Portland State,Western Washington B,9

Washington C,Lewis,10

Washington B,Oregon State B,8

University of New Mexico,Colorado State B,7

Brigham Young B,Arizona State C,7

Grand Canyon,The University of Texas at El Paso,4

Colorado State B,Arizona State C,7

Grand Canyon,Brigham Young B,3

University of New Mexico,The University of Texas at El Paso,10

Colorado State B,The University of Texas at El Paso,6

Grand Canyon,Arizona State C,7

University of New Mexico,Brigham Young B,8

Colorado State B,Grand Canyon,3

University of New Mexico,Arizona State C,9

Brigham Young B,The University of Texas at El Paso,8

Colorado State B,Brigham Young B,9

University of New Mexico,Grand Canyon,6

Arizona State C,The University of Texas at El Paso,2

Denver,Arizona State B,5

Arizona B,Air Force B,2

Arizona State B,Northern Arizona,5

Denver,Air Force B,9

Northern Arizona,Arizona B,11

Arizona State B,Air Force B,10

Denver,Arizona B,6

Northern Arizona,Air Force B,9

Arizona State B,Arizona B,6

Northern Arizona,Denver,5

University of New Mexico,Northern Arizona,9

Northern Arizona,Denver,1

University of New Mexico,Grand Canyon,11

Denver,Colorado State B,2

Grand Canyon,Arizona State B,3

Grand Canyon,Denver,4

Arizona State B,Colorado State B,4

Air Force B,The University of Texas at El Paso,5

The University of Texas at El Paso,Arizona B,3

Air Force B,Arizona State C,1

Arizona B,Arizona State C,1

Washington,Arizona,5

California,Michigan State,9

Washington,California,7

Southern California,Michigan State,5

Arizona,Michigan State,8

Southern California,California,2

Washington,Michigan State,8

Southern California,Washington,1

California,Arizona,7

Arizona,Southern California,1

Cal Poly-SLO,California-Santa Cruz,7

Texas-Dallas,Western Washington University,3

Cal Poly-SLO,Texas-Dallas,7

Western Washington University,Dartmouth,4

Western Washington University,California-Santa Cruz,2

Cal Poly-SLO,Western Washington University,10

Dartmouth,California-Santa Cruz,6

Cal Poly-SLO,Dartmouth,5

Texas-Dallas,California-Santa Cruz,4

Texas-Dallas,Dartmouth,7

Stanford,California-San Diego,3

Victoria,California-Santa Barbara,2

California-Santa Barbara,Connecticut,6

California-Santa Barbara,California-San Diego,5

Victoria,Connecticut,1

Victoria,Stanford,5

California-San Diego,Connecticut,8

Stanford,Connecticut,3

Victoria,California-San Diego,5

California-Santa Barbara,Stanford,2

Brigham Young,British Columbia,3

Brigham Young,UCLA,4

Colorado State University,Santa Clara,8

British Columbia,Santa Clara,7

Colorado State University,UCLA,7

Brigham Young,Santa Clara,11

British Columbia,Colorado State University,3

UCLA,Santa Clara,2

Brigham Young,Colorado State University,6

British Columbia,UCLA,1

California-Santa Cruz,Connecticut,1

California-Santa Cruz,Michigan State,2

Connecticut,Michigan State,2

Cal Poly-SLO,British Columbia,4

British Columbia,Southern California,6

Cal Poly-SLO,Victoria,6

Southern California,Stanford,5

Cal Poly-SLO,Washington,2

Victoria,California,2

British Columbia,California-Santa Barbara,4

Stanford,Texas-Dallas,2

Washington,UCLA,5

California,Colorado State University,1

California-Santa Barbara,Western Washington University,1

Colorado State University,Texas-Dallas,1

Colorado State University,UCLA,2

Texas-Dallas,Western Washington University,1

UCLA,Western Washington University,8

Victoria,Southern California,2

Dartmouth,California-San Diego,3

Dartmouth,Arizona,6

California-San Diego,Santa Clara,1

Arizona,Santa Clara,2

Brigham Young,California-Santa Barbara,3

Brigham Young,Cal Poly-SLO,4

California,Washington,2

California,California-Santa Barbara,4

Washington,Stanford,1

Texas State,Oklahoma B,10

Colorado College,Texas-Dallas B,12

Texas State,Colorado College,5

Texas-San Antonio,Texas-Dallas B,4

Oklahoma B,Texas-Dallas B,7

Colorado College,Texas-San Antonio,12

Texas State,Texas-Dallas B,10

Texas-San Antonio,Oklahoma B,9

Texas State,Texas-San Antonio,9

Colorado College,Oklahoma B,11

Texas Tech,Southern Methodist,11

Texas Tech,Oklahoma,4

Rice,Oklahoma,1

Rice,Southern Methodist,11

Texas Tech,Rice,5

Oklahoma,Southern Methodist,13

Oklahoma State,North Texas B,13

John Brown,Kansas State,5

Oklahoma State,John Brown,1

Kansas State,Nebraska,2

Kansas State,North Texas B,7

John Brown,Nebraska,1

Oklahoma State,Kansas State,11

Nebraska,North Texas B,9

Oklahoma State,Nebraska,9

John Brown,North Texas B,11

North Texas,Texas State B,10

Sam Houston State,Stephen F Austin,1

North Texas,Stephen F Austin,13

Baylor,Sam Houston State,8

Texas State B,Sam Houston State,2

Baylor,Stephen F Austin,9

North Texas,Sam Houston State,13

Baylor,Texas State B,5

Baylor,North Texas,1

Texas State B,Stephen F Austin,3

Stephen F Austin,Texas-Dallas B,10

Southern Methodist,North Texas B,1

Stephen F Austin,Southern Methodist,5

North Texas B,Texas-Dallas B,1

Southern Methodist,Texas-Dallas B,4

Stephen F Austin,North Texas B,2

Texas Tech,John Brown,11

John Brown,Oklahoma,3

Texas Tech,Rice,3

John Brown,Texas State,2

Oklahoma,Baylor,5

Texas Tech,Kansas State,9

Rice,Oklahoma State,1

John Brown,Texas State B,13

Oklahoma,Colorado College,8

Baylor,Nebraska,3

Texas Tech,Oklahoma B,12

Kansas State,North Texas,3

Rice,Texas-San Antonio,7

Oklahoma State,Sam Houston State,15

Rice,Oklahoma,4

Oklahoma State,Baylor,5

Baylor,Texas State,15

Oklahoma State,Kansas State,10

Kansas State,Texas State,15

North Texas,Colorado College,15

North Texas,Texas-San Antonio,5

Colorado College,Nebraska,8

North Texas,Oklahoma B,9

Texas-San Antonio,Sam Houston State,7

Sam Houston State,Texas State B,15

Texas State B,Nebraska,15

Sam Houston State,Oklahoma B,3

Oklahoma B,Nebraska,15

William & Mary,Case Western Reserve,6

Tennessee-Chattanooga,Drexel University,2

William & Mary,Drexel University,8

Case Western Reserve,Tennessee-Chattanooga,2

William & Mary,Tennessee-Chattanooga,2

Case Western Reserve,Drexel University,5

Davidson,James Madison,2

Williams,Liberty,1

James Madison,Liberty,8

Davidson,Williams,1

Williams,James Madison,2

Liberty,Davidson,4

Vermont,North Carolina B,6

Mary Washington,Virginia Commonwealth,2

Vermont,Virginia Commonwealth,9

Mary Washington,North Carolina B,2

Vermont,Mary Washington,8

Virginia Commonwealth,North Carolina B,6

Richmond,George Mason,2

SUNY-Binghamton,Lehigh,4

Richmond,George Washington,7

SUNY-Binghamton,George Mason,7

Richmond,Lehigh,6

George Mason,George Washington,6

Richmond,SUNY-Binghamton,1

Lehigh,George Washington,1

SUNY-Binghamton,George Washington,9

George Mason,Lehigh,1

William & Mary,Liberty,6

Davidson,North Carolina B,1

Vermont,Drexel University,9

Case Western Reserve,James Madison,6

Williams,Virginia Commonwealth,2

Tennessee-Chattanooga,Mary Washington,2

Vermont,William & Mary,1

William & Mary,Tennessee-Chattanooga,4

Vermont,Richmond,7

William & Mary,SUNY-Binghamton,5

Tennessee-Chattanooga,Davidson,6

Vermont,Case Western Reserve,3

Richmond,Williams,3

Case Western Reserve,Davidson,5

Case Western Reserve,SUNY-Binghamton,9

Davidson,Williams,2

Williams,SUNY-Binghamton,15

Tennessee-Chattanooga,Richmond,2

James Madison,Mary Washington,3

Mary Washington,North Carolina B,2

James Madison,Drexel University,6

North Carolina B,George Mason,4

Mary Washington,Liberty,6

James Madison,Lehigh,1

Drexel University,Virginia Commonwealth,2

Drexel University,George Washington,3

George Mason,Virginia Commonwealth,3

Virginia Commonwealth,Lehigh,5

George Mason,George Washington,3

Lehigh,Liberty,7

North Carolina B,Drexel University,4

George Washington,Lehigh,1

George Washington,Liberty,5

Mississippi State,Miami,4

Georgia Southern,Columbus State,11

Mississippi State,Columbus State,13

Georgia Southern,Miami,9

Mississippi State,Georgia Southern,3

Miami,Columbus State,4

Troy,Florida Tech,4

Berry,Central Arkansas,15

Florida Tech,Central Arkansas,15

Berry,Troy,4

Florida Tech,Berry,6

Troy,Central Arkansas,15

Mississippi State,Georgia Southern,4

Mississippi State,Troy,1

Georgia Southern,Florida Tech,2

Mississippi State,Central Arkansas,15

Troy,Miami,9

Georgia Southern,Berry,1

Florida Tech,Columbus State,6

Berry,Miami,15

Miami,Central Arkansas,15

Berry,Columbus State,1

Florida Tech,Troy,1

Columbus State,Central Arkansas,15

Harvard,Oklahoma,4

Kennesaw State,Kansas,2

Texas-Dallas,Alabama-Huntsville,6

South Carolina,Texas A&M,2

Michigan,Rutgers,3

Northwestern,Northeastern,1

Georgia,Texas A&M,1

South Carolina,Illinois State,2

Central Florida,Tufts,2

Northeastern,LSU,1

Brigham Young,Texas,1

Kansas,Cornell,3

Texas-Dallas,Kennesaw State,4

Pittsburgh,Northwestern,6

Florida State,Virginia Tech,4

Michigan,Boston College,4

Rutgers,Florida,2

Carleton College,Harvard,2

Kennesaw State,Northwestern,5

Central Florida,Texas,6

Emory,Oklahoma,4

Cornell,Cincinnati,3

Georgia,Rutgers,7

Brown,Texas-Dallas,2

Virginia Tech,Wisconsin,1

Harvard,LSU,1

Minnesota,Florida State,3

Illinois State,Boston College,1

Michigan,Florida,7

Brigham Young,South Florida,6

South Carolina,Alabama-Huntsville,3

Texas A&M,Northeastern,3

Temple,Kansas,1

Central Florida,Virginia Tech,7

Brown,Minnesota,6

Alabama-Huntsville,Cornell,4

Oklahoma,Illinois State,1

Wisconsin,Brigham Young,1

Tufts,Temple,7

Florida State,Cincinnati,5

Pittsburgh,South Florida,10

Carleton College,Emory,5

Temple,Boston College,5

Brigham Young,LSU,4

Tufts,Emory,1

Pittsburgh,Carleton College,2

Cincinnati,South Florida,3

Texas,Minnesota,2

Wisconsin,Florida,2

Brown,Georgia,4

Cincinnati,Alabama-Huntsville,2

Texas A&M,Virginia Tech,6

Michigan,Emory,7

Brigham Young,Northwestern,4

Texas-Dallas,Northeastern,3

Oklahoma,South Florida,8

Texas,LSU,3

Kennesaw State,Temple,5

Minnesota,Harvard,2

Florida State,Boston College,6

Central Florida,Illinois State,4

South Carolina,Rutgers,2

Virginia Tech,Boston College,6

Florida,Northwestern,1

Georgia,Minnesota,2

Oklahoma,Cincinnati,6

Texas,Tufts,2

Brigham Young,Pittsburgh,1

Texas-Dallas,South Florida,9

Carleton College,Kansas,8

LSU,Wisconsin,3

Brown,Cornell,6

Michigan,Texas A&M,4

Northeastern,South Carolina,3

Harvard,Temple,9

Brown,Northwestern,2

Florida,Kansas,8

Texas-Dallas,Illinois State,1

Central Florida,Carleton College,5

Brigham Young,Cincinnati,8

Texas A&M,Florida State,6

Georgia,Oklahoma,4

Michigan,Cornell,13

Pittsburgh,Wisconsin,3

Emory,Boston College,2

Kennesaw State,Tufts,2

Alabama-Huntsville,Harvard,1

Minnesota,Rutgers,1

Pittsburgh,Central Florida,6

Georgia,LSU,3

Kansas,Illinois State,1

Temple,South Florida,5

Brown,Emory,8

Brigham Young,Carleton College,3

Northeastern,Kennesaw State,3

South Carolina,Florida State,9

Wisconsin,Tufts,1

Alabama-Huntsville,Virginia Tech,1

Texas,Rutgers,6

Cornell,Florida,1

Florida Gulf Coast,Embry-Riddle Florida,4

North Florida,Northwestern B,13

Florida B,Florida Tech B,8

High Point,Boston College B,1

Stetson,Florida Tech B,1

Embry-Riddle Florida,South Florida B,7

Florida Gulf Coast,Florida State B,2

Florida B,Boston College B,7

Central Florida B,High Point,2

Florida Gulf Coast,Central Florida B,2

Boston College B,Stetson,7

Florida B,Embry-Riddle Florida,8

North Florida,Florida State B,3

Northwestern B,South Florida B,3

High Point,Northwestern B,2

Florida State B,Stetson,6

North Florida,Florida Tech B,8

Central Florida B,South Florida B,5

North Florida,Boston College B,4

Florida B,Central Florida B,6

Florida Tech B,South Florida B,8

High Point,Embry-Riddle Florida,2

Florida B,Northwestern B,6

Florida State B,High Point,6

Florida Gulf Coast,Florida Tech B,9

Boston College B,South Florida B,8

Central Florida B,Stetson,1

Florida Gulf Coast,Northwestern B,3

North Florida,Central Florida B,10

High Point,Florida Tech B,6

Florida State B,Florida B,4

Embry-Riddle Florida,Stetson,12

Florida State B,South Florida B,9

North Florida,Embry-Riddle Florida,7

Boston College B,Florida Gulf Coast,9

Northwestern B,Stetson,10

Boston College,South Florida,8

Florida,Cincinnati,1

Cincinnati,Boston College,7

Florida,South Florida,3

Brown,Central Florida,6

Brown,Georgia,4

Central Florida,Texas,1

Brown,Texas A&M,6

Georgia,Michigan,5

Central Florida,Texas-Dallas,1

Texas,Pittsburgh,5

Texas,Georgia,3

Pittsburgh,Texas A&M,2

Texas A&M,Michigan,1

Pittsburgh,Texas-Dallas,2

Michigan,Texas-Dallas,1

LSU,Tufts,1

LSU,Harvard,5

Tufts,Minnesota,7

LSU,South Carolina,5

Harvard,Kennesaw State,1

Minnesota,Northeastern,4

Tufts,Carleton College,2

Minnesota,Harvard,4

Carleton College,Kennesaw State,11

Kennesaw State,South Carolina,1

Carleton College,Northeastern,5

Northeastern,South Carolina,5

Wisconsin,Emory,10

Wisconsin,Alabama-Huntsville,8

Emory,Oklahoma,2

Wisconsin,Illinois State,8

Alabama-Huntsville,Rutgers,4

Emory,Florida State,6

Oklahoma,Northwestern,2

Alabama-Huntsville,Oklahoma,2

Northwestern,Rutgers,1

Rutgers,Illinois State,4

Northwestern,Florida State,7

Illinois State,Florida State,1

Virginia Tech,Temple,2

Virginia Tech,Kansas,1

Temple,Cornell,3

Virginia Tech,South Florida,3

Kansas,Cincinnati,1

Temple,Florida,6

Cornell,Boston College,1

Kansas,Cornell,9

North Florida,Florida B,3

North Florida,Florida Gulf Coast,6

Florida B,Florida State B,8

Florida State B,Florida Gulf Coast,5

Embry-Riddle Florida,High Point,2

Embry-Riddle Florida,Boston College B,9

High Point,Central Florida B,6

Boston College B,Central Florida B,7

Northwestern B,Stetson,11

Northwestern B,Florida Tech B,9

Stetson,South Florida B,2

Florida Tech B,South Florida B,2

Duke,Portland,4

Portland,Cal Poly-SLO B,8

California,Cal Poly-SLO B,11

California,Duke,7

Portland,California,1

Duke,Cal Poly-SLO B,9

Colorado School of Mines,Cal Poly-Pomona,2

Stanford,Washington University,1

Stanford,Cal Poly-Pomona,2

Washington University,Colorado School of Mines,4

Washington University,Cal Poly-Pomona,2

Stanford,Colorado School of Mines,1

Santa Clara,California B,6

Texas B,San Jose State,1

Santa Clara,San Jose State,8

Whitman,Texas B,8

California B,Texas B,5

Whitman,San Jose State,13

Whitman,Santa Clara,2

California B,San Jose State,3

Santa Clara,Texas B,12

Whitman,California B,11

Humboldt State,Utah State,8

UCLA,Whitworth,6

Whitworth,Humboldt State,1

Utah State,Whitworth,1

UCLA,Humboldt State,9

UCLA,Utah State,3

Chico State,Stanford B,11

California-Davis,Chico State,3

North Texas,Stanford B,11

North Texas,Chico State,2

California-Davis,Stanford B,11

California-Davis,North Texas,5

Lewis,Arizona,2

Las Positas,California-Santa Cruz,2

California-Santa Cruz,Washington B,6

Las Positas,Lewis,4

California-Santa Cruz,Arizona,3

Las Positas,Washington B,10

Las Positas,Arizona,8

Lewis,Washington B,6

Washington B,Arizona,2

California-Santa Cruz,Lewis,2

Occidental,Sonoma State,7

Air Force,Nevada-Reno,7

Nevada-Reno,Occidental,6

Air Force,Sonoma State,8

Air Force,Occidental,9

Nevada-Reno,Sonoma State,7

Oregon B,Sacramento State,2

Carleton College-GoP,Sacramento State,11

Claremont,Oregon B,2

Carleton College-GoP,Claremont,6

Carleton College-GoP,Oregon B,8

Claremont,Sacramento State,4

California,Whitman,1

California,Santa Clara,8

Whitman,Nevada-Reno,5

California,Air Force,1

Santa Clara,California-Davis,5

Whitman,Las Positas,1

Nevada-Reno,Stanford,1

California,Washington University,4

Air Force,Claremont,6

California-Davis,California-Santa Cruz,1

Santa Clara,UCLA,1

Whitman,Humboldt State,4

Las Positas,North Texas,3

Nevada-Reno,Carleton College-GoP,1

Stanford,Duke,2

Carleton College-GoP,Humboldt State,5

Duke,Claremont,4

Bethel,Minnesota B,1

Macalester,Minnesota C,10

Minnesota B,Carleton Hot Karls,10

Macalester,Winona State,1

Carleton Hot Karls,Minnesota C,2

Winona State,Bethel,7

Winona State,Minnesota C,10

Macalester,Bethel,10

Minnesota B,Macalester,2

Bethel,Carleton Hot Karls,2

Minnesota B,Winona State,4

Carleton Hot Karls,Macalester,1

Winona State,Carleton Hot Karls,7

Bethel,Minnesota C,4

Minnesota B,Minnesota C,12

Connecticut,Dayton,3

Johns Hopkins,Tennessee-Chattanooga,6

Connecticut,Tennessee-Chattanooga,3

Johns Hopkins,Virginia,1

Johns Hopkins,Dayton,2

Virginia,Tennessee-Chattanooga,1

Johns Hopkins,Connecticut,3

Virginia,Dayton,7

Virginia,Connecticut,11

Tennessee-Chattanooga,Dayton,8

Indiana,Georgia Tech,3

Clemson,George Mason,2

Georgia Tech,Clemson,4

Ohio,George Mason,8

Indiana,George Mason,8

Ohio,Clemson,6

Georgia Tech,George Mason,3

Indiana,Ohio,6

Georgia Tech,Ohio,4

Indiana,Clemson,4

Vermont,Georgia Southern,9

Purdue,Pennsylvania,2

Vermont,Purdue,6

James Madison,Pennsylvania,2

Pennsylvania,Georgia Southern,3

Purdue,James Madison,6

Vermont,Pennsylvania,1

James Madison,Georgia Southern,5

Vermont,James Madison,2

Purdue,Georgia Southern,10

Georgetown,New Hampshire,15

Tennessee,Elon,2

Tennessee,Georgetown,5

Case Western Reserve,Elon,5

New Hampshire,Elon,3

Tennessee,Case Western Reserve,5

Georgetown,Elon,5

Case Western Reserve,New Hampshire,2

Georgetown,Case Western Reserve,1

Tennessee,New Hampshire,5

Dayton,Georgia Southern,2

Elon,George Mason,1

Elon,Dayton,1

Georgia Southern,George Mason,5

Dayton,George Mason,4

Elon,Georgia Southern,1

Virginia,Johns Hopkins,6

Johns Hopkins,Purdue,2

Virginia,Vermont,5

Johns Hopkins,Georgia Tech,3

Purdue,Tennessee,3

Vermont,Georgetown,8

Virginia,Indiana,1

Vermont,Purdue,1

Georgetown,Tennessee,2

Tennessee,Georgia Tech,9

Georgetown,Indiana,4

Indiana,Georgia Tech,1

Clemson,New Hampshire,2

Clemson,Pennsylvania,3

New Hampshire,Ohio,1

Clemson,Connecticut,1

Pennsylvania,Case Western Reserve,3

New Hampshire,James Madison,1

Ohio,Tennessee-Chattanooga,2

Ohio,Pennsylvania,3

Tennessee-Chattanooga,Case Western Reserve,3

Case Western Reserve,Connecticut,5

Tennessee-Chattanooga,James Madison,5

James Madison,Connecticut,5

Vanderbilt,Vanderbilt University B,11

Middle Tennessee State,Belmont,5

Middle Tennessee State,Vanderbilt,2

Belmont,Union Tennessee,5

Belmont,Vanderbilt University B,6

Middle Tennessee State,Union Tennessee,2

Vanderbilt,Belmont,6

Union Tennessee,Vanderbilt University B,9

Vanderbilt,Union Tennessee,10

Middle Tennessee State,Vanderbilt University B,8

Oregon,California-Santa Cruz,10

UCLA,Western Washington,2

Oregon,UCLA,4

Western Washington,California-Santa Cruz,2

UCLA,California-Santa Cruz,11

Oregon,Western Washington,9

Cal Poly-SLO,California-San Diego,1

Utah,California-Santa Barbara,3

Cal Poly-SLO,California-Santa Barbara,4

California-San Diego,Utah,1

Cal Poly-SLO,Utah,7

California-San Diego,California-Santa Barbara,3

Colorado,San Diego State,11

California,California-Davis,5

Colorado,California-Davis,6

California,San Diego State,9

California,Colorado,1

California-Davis,San Diego State,5

British Columbia,Santa Clara,7

Southern California,Illinois,9

British Columbia,Illinois,1

Southern California,Santa Clara,6

Southern California,British Columbia,10

Illinois,Santa Clara,3

Cal Poly-SLO,Oregon,1

Oregon,Southern California,2

Cal Poly-SLO,California,6

Oregon,California-San Diego,8

Southern California,Colorado,2

California,British Columbia,3

Cal Poly-SLO,UCLA,6

Southern California,California,6

UCLA,Colorado,1

Colorado,California-San Diego,7

UCLA,British Columbia,7

California-San Diego,British Columbia,1

Utah,Illinois,1

Illinois,California-Santa Barbara,6

Utah,California-Davis,2

California-Santa Barbara,Western Washington,6

Illinois,San Diego State,9

California-Davis,Santa Clara,1

Utah,California-Santa Cruz,1

California-Santa Barbara,California-Davis,1

Western Washington,Santa Clara,3

Western Washington,San Diego State,7

Santa Clara,California-Santa Cruz,1

California-Santa Cruz,San Diego State,6

Rutgers,Wake Forest,13

Liberty,American,11

Liberty,Rutgers,1

North Carolina B,American,7

Wake Forest,American,6

Liberty,North Carolina B,1

Rutgers,American,11

North Carolina B,Wake Forest,13

Rutgers,North Carolina B,4

Liberty,Wake Forest,12

Princeton,Towson,7

Shippensburg,Maryland-Baltimore County,1

Princeton,Shippensburg,5

Drexel University,Maryland-Baltimore County,7

Maryland-Baltimore County,Towson,4

Drexel University,Shippensburg,7

Princeton,Maryland-Baltimore County,11

Drexel University,Towson,6

Princeton,Drexel University,1

Shippensburg,Towson,9

Brandeis,Salisbury,9

Cedarville,Navy,2

Brandeis,Cedarville,7

Lehigh,Navy,7

Salisbury,Navy,5

Cedarville,Lehigh,5

Brandeis,Navy,8

Lehigh,Salisbury,10

Brandeis,Lehigh,7

Cedarville,Salisbury,12

RIT,Christopher Newport,5

West Chester,East Carolina,2

RIT,West Chester,1

Virginia Commonwealth,East Carolina,1

Christopher Newport,East Carolina,3

West Chester,Virginia Commonwealth,1

RIT,East Carolina,4

Virginia Commonwealth,Christopher Newport,4

RIT,Virginia Commonwealth,6

West Chester,Christopher Newport,8

Liberty,Brandeis,1

Liberty,RIT,1

Brandeis,Princeton,2

Liberty,Drexel University,5

RIT,Cedarville,4

Brandeis,West Chester,4

Princeton,Rutgers,1

Princeton,RIT,2

Rutgers,Cedarville,4

Cedarville,Drexel University,1

Rutgers,West Chester,7

Drexel University,West Chester,5

Lehigh,North Carolina B,6

North Carolina B,Virginia Commonwealth,1

Lehigh,Shippensburg,9

North Carolina B,Maryland-Baltimore County,6

Virginia Commonwealth,Salisbury,10

Lehigh,Christopher Newport,4

Shippensburg,Wake Forest,8

Shippensburg,Virginia Commonwealth,2

Maryland-Baltimore County,Salisbury,5

Christopher Newport,Wake Forest,8

East Carolina,Navy,3

East Carolina,American,6

Navy,Towson,12

Towson,American,4

Oklahoma,Oklahoma State,5

Oklahoma State,Colorado College,7

Oklahoma,John Brown,7

Oklahoma State,Nebraska,9

Colorado College,Arkansas,5

Oklahoma,Colorado B,4

John Brown,Missouri,11

Oklahoma State,Colorado School of Mines-B,14

Nebraska,Arkansas State,11

Colorado College,Hendrix,14

Arkansas,Nebraska-Omaha,12

Oklahoma,Dallas Baptist,5

Colorado B,Central Arkansas,6

Missouri,Tulsa,12

John Brown,Oklahoma B,11

Dallas Baptist,Arkansas State,15

Arkansas State,Hendrix,2

Dallas Baptist,Oklahoma B,2

Arkansas State,Colorado School of Mines-B,5

Hendrix,Nebraska-Omaha,2

Dallas Baptist,Central Arkansas,2

Oklahoma B,Tulsa,6

John Brown,Colorado College,5

Nebraska,Colorado B,15

Nebraska,Arkansas,1

Colorado B,Missouri,7

Arkansas,Missouri,6

Tulsa,Nebraska-Omaha,8

Nebraska-Omaha,Colorado School of Mines-B,7

Tulsa,Central Arkansas,2

Colorado School of Mines-B,Central Arkansas,2

Minnesota B,Wisconsin B,1

Wisconsin-Eau Claire,Wisconsin- La Crosse,3

Minnesota B,Drake,10

Wisconsin-Eau Claire,St. Thomas,7

St. Thomas,Wisconsin B,3

Wisconsin- La Crosse,Drake,7

St. Thomas,Wisconsin- La Crosse,3

Wisconsin-Eau Claire,Drake,4

Minnesota B,Wisconsin-Eau Claire,6

Wisconsin B,Drake,8

Wisconsin- La Crosse,Minnesota B,1

Wisconsin-Eau Claire,Wisconsin B,2

Wisconsin- La Crosse,Wisconsin B,5

St. Thomas,Drake,6

Minnesota B,St. Thomas,4

North Carolina-Charlotte,Wingate,6

Georgia B,Edinboro,8

North Carolina-Charlotte,Edinboro,10

Georgia B,Wingate,3

North Carolina-Charlotte,Georgia B,8

Wingate,Edinboro,2

Anderson,Charleston,1

Appalachian State,Anderson,12

Appalachian State,Charleston,12

Charleston,Edinboro,4

Anderson,Wingate,2

Appalachian State,Georgia B,7

Charleston,Wingate,3

Wingate,Edinboro,3

Charleston,Edinboro,1

North Carolina-Charlotte,Appalachian State,3

North Carolina-Charlotte,Georgia B,8

Appalachian State,Anderson,1

Anderson,Georgia B,5

Colorado School of Mines,Colorado School of Mines-B,13

Colorado State B,Denver,1

Colorado School of Mines,Denver,10

Colorado-Denver,Colorado State B,7

Colorado State B,Colorado School of Mines-B,10

Colorado-Denver,Denver,10

Colorado School of Mines,Colorado State B,9

Colorado-Denver,Colorado School of Mines-B,9

Colorado School of Mines,Colorado-Denver,8

Colorado School of Mines-B,Denver,15

Bentley,Worcester Polytech,8

Amherst College,Massachusetts-Lowell,3

Massachusetts-Lowell,Worcester Polytech,7

Bates College,Amherst College,6

Amherst College,Bentley,1

Bates College,Massachusetts-Lowell,7

Amherst College,Worcester Polytech,3

Bates College,Bentley,7

Bates College,Worcester Polytech,12

Bentley,Massachusetts-Lowell,4

Utah,Boise State,11

Utah State,Montana,2

Utah,Utah State,1

Montana,Boise State,2

Utah,Montana,4

Utah State,Boise State,4

Northern Arizona,Idaho,1

Montana State,Brigham Young B,10

Northern Arizona,Brigham Young B,2

Montana State,Denver,3

Idaho,Montana State,1

Denver,Brigham Young B,2

Northern Arizona,Montana State,4

Denver,Idaho,4

Northern Arizona,Denver,1

Brigham Young B,Idaho,2

Utah,Denver,3

Utah,Montana State,1

Denver,Boise State,14

Utah,Idaho,8

Montana State,Montana,3

Boise State,Northern Arizona,1

Denver,Utah State,1

Boise State,Montana State,1

Utah State,Montana,4

Montana,Idaho,7

Utah State,Northern Arizona,2

Idaho,Northern Arizona,3

Berry,Samford,1

Elon,Oberlin,2

Xavier,Navy,2

North Carolina-Asheville,Messiah,1

Mary Washington,Georgia College,2

Davidson,Florida Tech,1

Air Force,Campbell,4

Richmond,Franciscan,2

Davidson,Rensselaer Polytech,2

Mary Washington,Oberlin,1

Air Force,Messiah,5

Georgia College,Navy,2

Richmond,Samford,8

Missouri S&T,Anderson,12

Berry,Florida Tech,5

High Point,Xavier,3

Middlebury,North Carolina-Asheville,3

Franciscan,Navy,3

Berry,Anderson,2

Elon,Rensselaer Polytech,3

Samford,Campbell,2

Middlebury,Georgia College,6

Richmond,Missouri S&T,5

North Carolina-Asheville,Oberlin,2

Air Force,Davidson,3

Mary Washington,Elon,2

Franciscan,Georgia College,8

High Point,Berry,1

North Carolina-Asheville,Campbell,4

Middlebury,Davidson,7

Xavier,Rensselaer Polytech,1

Air Force,Florida Tech,5

Messiah,Anderson,8

Missouri S&T,Oberlin,5

Samford,Rensselaer Polytech,2

Messiah,Missouri S&T,1

Mary Washington,Florida Tech,2

Franciscan,Anderson,4

Xavier,Campbell,2

Richmond,Elon,4

Navy,High Point,6

Middlebury,Air Force,1

High Point,Florida Tech,1

Richmond,Oberlin,5

Middlebury,Xavier,6

Air Force,Navy,2

Messiah,Rensselaer Polytech,3

Franciscan,North Carolina-Asheville,5

Samford,Anderson,5

Davidson,Georgia College,2

Mary Washington,Missouri S&T,5

Missouri S&T,Davidson,2

Richmond,Air Force,4

Messiah,Samford,2

Florida Tech,Campbell,5

Middlebury,Mary Washington,2

Berry,Navy,8

Franciscan,Elon,3

Georgia College,Rensselaer Polytech,3

Oberlin,High Point,6

North Carolina-Asheville,Samford,2

Mary Washington,Anderson,2

Elon,Florida Tech,5

Missouri S&T,Xavier,4

Rensselaer Polytech,Oberlin,7

Richmond,Georgia College,2

Berry,Xavier,2

Elon,Messiah,3

North Carolina-Asheville,Navy,7

Berry,Campbell,9

Anderson,High Point,2

Akron,Carnegie Mellon B,4

Kent State,Indiana Pennsylvania,7

Akron,Kent State,1

Pittsburgh B,Indiana Pennsylvania,12

Akron,Indiana Pennsylvania,7

Pittsburgh B,Carnegie Mellon B,12

Pittsburgh B,Kent State,9

Carnegie Mellon B,Indiana Pennsylvania,5

Pittsburgh B,Akron,9

Kent State,Carnegie Mellon B,2

Dayton,SUNY-Buffalo B,13

West Virginia,Case Western Reserve B,5

Dayton,West Virginia,8

American,Case Western Reserve B,6

Dayton,Case Western Reserve B,10

American,SUNY-Buffalo B,3

American,West Virginia,6

Case Western Reserve B,SUNY-Buffalo B,3

Dayton,American,9

West Virginia,SUNY-Buffalo B,11

Texas State,LSU,2

Florida,Texas State,3

LSU,Florida,3

Alabama,Wisconsin-Whitewater,7

Texas Tech,Wisconsin-Whitewater,3

Alabama,Texas Tech,5

Minnesota State-Mankato,Texas-San Antonio,8

Alabama-Birmingham,Texas A&M,7

Minnesota State-Mankato,Texas A&M,9

Alabama-Birmingham,Texas-San Antonio,6

Alabama-Birmingham,Minnesota State-Mankato,2

Texas-San Antonio,Texas A&M,7

North Florida,Mississippi,4

Texas Christian,Texas State B,9

North Florida,Texas State B,7

Texas Christian,Mississippi,4

North Florida,Texas Christian,4

Mississippi,Texas State B,8

Georgia State,Sul Ross State,6

Florida State B,Sam Houston State,4

Georgia State,Sam Houston State,8

Sul Ross State,Florida State B,4

Georgia State,Florida State B,6

Sul Ross State,Sam Houston State,6

Trinity,Mississippi State,2

Texas A&M,LSU B,3

Mississippi State,LSU B,3

Trinity,Texas A&M,7

Mississippi State,Texas A&M,7

Trinity,LSU B,10

Alabama,LSU,3

Texas Tech,Florida,4

Texas State,Wisconsin-Whitewater,2

Georgia State,Alabama-Birmingham,5

Trinity,North Florida,4

Minnesota State-Mankato,Sul Ross State,2

Mississippi State,Texas Christian,6

Florida State B,Texas-San Antonio,1

Mississippi,Texas A&M,3

Sam Houston State,Texas A&M,5

LSU B,Texas State B,2

Alabama,Mississippi,11

Alabama-Birmingham,Trinity,6

Texas State,Minnesota State-Mankato,6

Florida,Texas Christian,12

Texas Tech,Sul Ross State,6

Mississippi State,Wisconsin-Whitewater,9

Georgia State,North Florida,3

LSU,Florida State B,7

Alabama,Alabama-Birmingham,9

Texas State,Florida,1

Texas Tech,Mississippi State,6

Georgia State,LSU,1

Alabama,Texas State,4

Texas Tech,Georgia State,11

Florida,Alabama-Birmingham,10

LSU,Mississippi State,11

Trinity,Mississippi,5

Minnesota State-Mankato,Texas Christian,3

Wisconsin-Whitewater,Sul Ross State,2

North Florida,Florida State B,4

Trinity,Minnesota State-Mankato,2

Wisconsin-Whitewater,North Florida,4

Texas Christian,Mississippi,6

Sul Ross State,Florida State B,4

Texas State B,Sam Houston State,15

LSU B,Texas A&M,7

Texas State B,Texas-San Antonio,5

Texas A&M,LSU B,1

Wisconsin-Milwaukee,Iowa,1

Marquette,Saint Louis University,1

Saint Louis University,Iowa,3

Marquette,Wisconsin-Milwaukee,1

Iowa,Marquette,1

Wisconsin-Milwaukee,Saint Louis University,1

St Olaf,St John's,9

Missouri State,Missouri,4

St Olaf,Missouri,6

Missouri State,St John's,3

St Olaf,Missouri State,4

Missouri,St John's,6

Northern Iowa,Wisconsin-Milwaukee B,12

Wisconsin C,Southern Illinois-Edwardsville,3

Northern Iowa,Wisconsin C,3

Southern Illinois-Edwardsville,Wisconsin-Milwaukee B,11

Northern Iowa,Southern Illinois-Edwardsville,10

Wisconsin C,Wisconsin-Milwaukee B,13

Saint Louis University,Northern Iowa,6

Iowa,Wisconsin C,1

Missouri,Southern Illinois-Edwardsville,5

St John's,Wisconsin-Milwaukee B,10

St Olaf,Marquette,5

Missouri State,Wisconsin-Milwaukee,6

Washington State,Oregon State B,9

Washington C,Pacific Lutheran B,12

Washington State,Pacific Lutheran B,13

Washington C,Oregon State B,5

Oregon State B,Pacific Lutheran B,9

Washington State,Washington C,10

Gonzaga,Willamette University,5

Washington B,Whitworth,8

Whitworth,Gonzaga,5

Washington B,Willamette University,9

Gonzaga,Washington B,5

Whitworth,Willamette University,7

Lewis,Seattle B,10

Pacific Lutheran,Western Washington University B,4

Lewis,Pacific Lutheran,4

Western Washington University B,Seattle B,1

Lewis,Western Washington University B,7

Pacific Lutheran,Seattle B,10

Lewis,Willamette University,10

Washington B,Seattle B,15

Whitworth,Pacific Lutheran,5

Gonzaga,Western Washington University B,5

Lewis,Washington B,2

Lewis,Whitworth,8

Washington B,Gonzaga,6

Whitworth,Washington State,4

Lewis,Pacific Lutheran,9

Washington State,Gonzaga,9

Gonzaga,Washington C,6

Washington State,Pacific Lutheran,7

Pacific Lutheran,Washington C,12

Willamette University,Western Washington University B,1

Western Washington University B,Seattle B,4

Willamette University,Oregon State B,2

Seattle B,Pacific Lutheran B,12

Oregon State B,Pacific Lutheran B,13

Belmont,Illinois B,6

Union Tennessee,Georgia Tech B,9

Union Tennessee,Illinois B,9

Belmont,Georgia Tech B,3

Georgia Tech B,Illinois B,2

Belmont,Union Tennessee,1

Indiana B,Alabama B,2

Truman State,Alabama-Huntsville B,8

Alabama B,Alabama-Huntsville B,1

Truman State,Indiana B,7

Truman State,Alabama B,10

Indiana B,Alabama-Huntsville B,2

Truman State,Illinois B,9

Georgia Tech B,Alabama B,3

Belmont,Alabama-Huntsville B,1

Union Tennessee,Indiana B,4

Illinois B,Union Tennessee,15

Indiana B,Alabama-Huntsville B,6

Union Tennessee,Alabama-Huntsville B,15

Truman State,Belmont,10

Truman State,Alabama B,15

Belmont,Georgia Tech B,12

Alabama B,Union Tennessee,3

Georgia Tech B,Indiana B,6

Marist,Army,3

Marist,Army,2

William & Mary,Mary Washington,3

North Carolina,Stanford,11

Wisconsin,Victoria,8

North Carolina,Wisconsin,4

Victoria,Stanford,2

North Carolina,Victoria,3

Wisconsin,Stanford,1

Brown,Colorado State,4

Carleton College,Washington,2

Colorado State,Washington,1

Brown,Carleton College,3

Washington,Brown,1

Carleton College,Colorado State,1

Brigham Young,Northwestern,2

Ohio State,California,1

Ohio State,Brigham Young,1

Oregon,California,6

California,Brigham Young,1

Oregon,Northwestern,5

Brigham Young,Oregon,1

Ohio State,Northwestern,3

California,Northwestern,7

Oregon,Ohio State,2

Cal Poly,Colorado,1

Cal Poly,Minnesota,3

Texas,Colorado,3

Texas,Cal Poly,3

Colorado,Minnesota,1

Texas,Minnesota,1

Brigham Young,Stanford,3

Northwestern,Stanford,1

Washington,Minnesota,1

Washington,Stanford,3

Minnesota,Northwestern,4

Washington,Northwestern,8

Minnesota,Stanford,7

North Carolina,Brown,5

North Carolina,Texas,7

Brown,Cal Poly,2

North Carolina,Carleton College,1

Texas,Ohio State,2

Cal Poly,Oregon,1

Brown,Colorado,2

Carleton College,California,6

Ohio State,Colorado State,2

Cal Poly,Victoria,6

Colorado,Wisconsin,3

Colorado,Carleton College,3

Carleton College,Ohio State,1

Colorado,Oregon,1

Oregon,Ohio State,7

Colorado State,California,4

California,Wisconsin,1

Colorado State,Victoria,6

Wisconsin,Victoria,9
SUNY New Paltz,Salisbury,9

Stevens Tech,SUNY-Albany,1

Bates College,SUNY-Albany,3

Stevens Tech,Salisbury,11

Bates College,SUNY New Paltz,10

SUNY-Albany,Salisbury,12

Bates College,Salisbury,10

SUNY New Paltz,Stevens Tech,3

Bates College,Stevens Tech,11

SUNY-Albany,SUNY New Paltz,7

MIT,SUNY-Cortland,11

Yale,College of New Jersey,7

Yale,MIT,3

Colby,College of New Jersey,7

SUNY-Cortland,College of New Jersey,1

Colby,Yale,6

MIT,College of New Jersey,10

Colby,SUNY-Cortland,6

Colby,MIT,3

Yale,SUNY-Cortland,7

Brown B,SUNY-Binghamton B,9

SUNY-Albany B,Yale B,8

Brown B,SUNY-Albany B,10

Rutgers B,Yale B,8

SUNY-Binghamton B,Yale B,6

Rutgers B,SUNY-Albany B,11

Brown B,Yale B,12

Rutgers B,SUNY-Binghamton B,11

Brown B,Rutgers B,10

SUNY-Albany B,SUNY-Binghamton B,7

Colby,Bates College,3

Bates College,Yale,2

Colby,MIT,4

Bates College,SUNY-Cortland,13

Yale,Brown B,5

MIT,SUNY-Albany,4

Colby,SUNY New Paltz,6

SUNY-Cortland,Salisbury,11

Brown B,Stevens Tech,5

MIT,Rutgers B,10

SUNY New Paltz,College of New Jersey,4

SUNY-Albany,Brown B,3

Brown B,SUNY-Cortland,1

SUNY-Albany,SUNY New Paltz,7

MIT,Yale,2

Stevens Tech,Rutgers B,1

Stevens Tech,Salisbury,8

Rutgers B,College of New Jersey,15

Salisbury,SUNY-Albany B,2

Stevens Tech,SUNY-Binghamton B,8

Rutgers B,Yale B,2

SUNY-Binghamton B,SUNY-Albany B,3

SUNY-Binghamton B,Yale B,6

Michigan B,Miami Ohio,6

Miami Upper,Miami Ohio,5

Miami Upper,Michigan B,2

Cincinnati,SUNY-Buffalo,5

Cincinnati,Cleveland State,11

SUNY-Buffalo,Cleveland State,9

Miami Upper,Cleveland State,11

Michigan B,SUNY-Buffalo,5

Cincinnati,Miami Ohio,9

Cincinnati,SUNY-Buffalo,6

SUNY-Buffalo,Miami Upper,3

Cincinnati,Michigan B,6

SUNY-Buffalo,Miami Ohio,6

Michigan B,Cleveland State,10

Michigan B,Miami Upper,2

Miami Ohio,Cleveland State,8

Oklahoma,Oklahoma State,5

Oklahoma State,Colorado College,7

Oklahoma,John Brown,7

Oklahoma State,Nebraska,9

Colorado College,Arkansas,5

Oklahoma,Colorado B,4

John Brown,Missouri,11

Oklahoma State,Colorado School of Mines-B,14

Nebraska,Arkansas State,11

Colorado College,Hendrix,14

Arkansas,Nebraska-Omaha,12

Oklahoma,Dallas Baptist,5

Colorado B,Central Arkansas,6

Missouri,Tulsa,12

John Brown,Oklahoma B,11

Dallas Baptist,Arkansas State,15

Arkansas State,Hendrix,2

Dallas Baptist,Oklahoma B,2

Arkansas State,Colorado School of Mines-B,5

Hendrix,Nebraska-Omaha,2

Dallas Baptist,Central Arkansas,2

Oklahoma B,Tulsa,6

John Brown,Colorado College,5

Nebraska,Colorado B,15

Nebraska,Arkansas,1

Colorado B,Missouri,7

Arkansas,Missouri,6

Tulsa,Nebraska-Omaha,8

Nebraska-Omaha,Colorado School of Mines-B,7

Tulsa,Central Arkansas,2

Colorado School of Mines-B,Central Arkansas,2

Kent State,Denison,2

Kettering,University of Louisville,15

Denison,Kettering,2

Oberlin B,University of Louisville,15

Denison,University of Louisville,15

Kent State,Oberlin B,5

Denison,Oberlin B,10

Kent State,Kettering,9

Kent State,Denison,6

Denison,Kettering,2

Kent State,Oberlin B,11

Oberlin B,University of Louisville,15

Kettering,Oberlin B,15

Oberlin B,University of Louisville,15

Marist,SUNY-Stony Brook,2

SUNY-Binghamton,Cornell B,8

NYU,Hofstra,3

Columbia,Rowan,1

SUNY-Stony Brook,Cornell B,9

SUNY-Binghamton,Hofstra,7

NYU,Columbia,1

Marist,Tufts B,6

SUNY-Binghamton,Tufts B,9

Marist,NYU,3

Rowan,Cornell B,5

Columbia,Hofstra,1

Marist,SUNY-Binghamton,3

Rowan,Hofstra,6

SUNY-Stony Brook,Tufts B,9

SUNY-Stony Brook,NYU,2

Rowan,Tufts B,4

Columbia,Marist,1

Hofstra,Cornell B,3

NYU,Tufts B,2

Columbia,Cornell B,6

SUNY-Binghamton,SUNY-Stony Brook,3

Columbia,SUNY-Stony Brook,6

Hofstra,Tufts B,3

Marist,Cornell B,3

SUNY-Binghamton,Rowan,2

SUNY-Stony Brook,Rowan,3

NYU,SUNY-Binghamton,4

Columbia,Tufts B,9

Marist,Hofstra,4

SUNY-Stony Brook,Hofstra,6

Columbia,SUNY-Binghamton,5

NYU,Rowan,1

Cornell B,Tufts B,1

NYU,Cornell B,15

Marist,Rowan,5

Wisconsin-Eau Claire,Wisconsin-Platteville,1

Minnesota-Duluth,Northwestern B,8

Wisconsin-Oshkosh,UW Stevens Point,1

Minnesota-Duluth,Wisconsin-Platteville,1

Minnesota State-Mankato,Wisconsin-Oshkosh,2

UW Stevens Point,Northwestern B,2

Minnesota State-Mankato,Wisconsin-Platteville,3

Wisconsin-Eau Claire,Northwestern B,2

Minnesota-Duluth,Wisconsin-Oshkosh,2

Minnesota State-Mankato,Northwestern B,3

Wisconsin-Platteville,Wisconsin-Oshkosh,4

Wisconsin-Eau Claire,UW Stevens Point,5

Wisconsin-Platteville,UW Stevens Point,1

Minnesota State-Mankato,Minnesota-Duluth,1

Wisconsin-Eau Claire,Wisconsin-Oshkosh,3

Minnesota-Duluth,UW Stevens Point,15

Minnesota State-Mankato,Wisconsin-Eau Claire,3

Northwestern B,Wisconsin-Oshkosh,2

Minnesota State-Mankato,UW Stevens Point,15

Minnesota-Duluth,Wisconsin-Eau Claire,3

Northwestern B,Wisconsin-Platteville,15

Macalester,Milwaukee School of Engineering,2

Michigan Tech,Pacific Lutheran,8

Macalester,Pacific Lutheran,3

Michigan Tech,Milwaukee School of Engineering,8

Milwaukee School of Engineering,Pacific Lutheran,1

Michigan Tech,Macalester,5

Portland,Ohio Northern,3

Missouri S&T,Grinnell,4

Portland,Grinnell,11

Missouri S&T,Ohio Northern,2

Portland,Missouri S&T,2

North Park,Indiana Wesleyan,3

Puget Sound,St Olaf,1

Puget Sound,North Park,5

St Olaf,Indiana Wesleyan,8

Puget Sound,Indiana Wesleyan,5

St Olaf,North Park,7

Oberlin,Rose-Hulman,2

Brandeis,Winona State,1

Brandeis,Oberlin,2

Winona State,Rose-Hulman,4

Winona State,Oberlin,1

Brandeis,Rose-Hulman,7

Michigan Tech,Portland,5

Michigan Tech,Ohio Northern,8

St Olaf,Portland,2

St Olaf,Missouri S&T,1

Portland,Puget Sound,1

Missouri S&T,Michigan Tech,2

St Olaf,Brandeis,2

Puget Sound,Winona State,3

Portland,Macalester,2

Michigan Tech,Rose-Hulman,10

Missouri S&T,North Park,3

Brandeis,Pacific Lutheran,6

St Olaf,Ohio Northern,4

Puget Sound,Grinnell,4

Winona State,Milwaukee School of Engineering,3

Portland,Indiana Wesleyan,13

Macalester,Oberlin,4

Carnegie Mellon,Georgia Tech,4

North Carolina-Wilmington,Georgia,3

Northeastern,Georgia Tech,6

Georgia,Carnegie Mellon,4

Georgia,Northeastern,1

North Carolina-Wilmington,Carnegie Mellon,9

North Carolina-Wilmington,Georgia Tech,5

Northeastern,Carnegie Mellon,1

North Carolina-Wilmington,Northeastern,3

Georgia,Georgia Tech,1

North Carolina State,South Carolina,5

Tufts,Tennessee,4

South Carolina,Tufts,1

North Carolina State,Tennessee,9

North Carolina State,Tufts,3

South Carolina,Tennessee,2

Massachusetts,Kennesaw State,3

Florida State,Kennesaw State,2

Massachusetts,Pittsburgh,1

Pittsburgh,Kennesaw State,4

Massachusetts,Florida State,1

Pittsburgh,Florida State,9

Tufts,Florida State,5

Kennesaw State,Tennessee,2

South Carolina,Georgia,4

Massachusetts,North Carolina State,3

Pittsburgh,Georgia,10

North Carolina-Wilmington,North Carolina State,1

Massachusetts,North Carolina-Wilmington,3

Massachusetts,South Carolina,1

Florida State,Carnegie Mellon,1

Northeastern,Florida State,3

Tufts,Northeastern,1

Tufts,Kennesaw State,1

Tennessee,Georgia Tech,2

Kennesaw State,Georgia Tech,4

Carnegie Mellon,Tennessee,1

Pittsburgh,North Carolina State,5

Pittsburgh,South Carolina,3

Bradley,Minnesota C,10

Illinois B,Wisconsin- La Crosse,3

DePaul,Bradley,2

Wisconsin- La Crosse,Eastern Illinois,9

Minnesota C,Eastern Illinois,3

Bradley,Wisconsin- La Crosse,5

Bradley,Illinois B,6

DePaul,Eastern Illinois,5

DePaul,Wisconsin- La Crosse,1

Illinois B,Minnesota C,1

Bradley,Eastern Illinois,8

DePaul,Minnesota C,4

Illinois B,Eastern Illinois,4

DePaul,Illinois B,2

Wisconsin- La Crosse,Minnesota C,10

New Hampshire,SUNY-Fredonia,5

University of Pittsburgh B,Campbell,9

New Hampshire,Campbell,11

University of Pittsburgh B,SUNY-Fredonia,5

University of Pittsburgh B,New Hampshire,2

Campbell,SUNY-Fredonia,2

Ohio,Delaware B,7

Rhode Island,North Carolina State B,1

Ohio,North Carolina State B,8

Delaware B,Rhode Island,1

Ohio,Rhode Island,10

Delaware B,North Carolina State B,6

Ohio,University of Pittsburgh B,4

University of Pittsburgh B,Delaware B,10

Ohio,New Hampshire,3

University of Pittsburgh B,North Carolina State B,12

Delaware B,Campbell,8

Ohio,SUNY-Fredonia,10

New Hampshire,Rhode Island,9

New Hampshire,Delaware B,7

SUNY-Fredonia,Campbell,3

Campbell,North Carolina State B,2

SUNY-Fredonia,Rhode Island,1

North Carolina State B,Rhode Island,9

Oregon State,Idaho,11

Washington State,Central Washington,11

Oregon State,Central Washington,10

Washington State,Idaho,9

Oregon State,Washington State,8

Idaho,Central Washington,11

Whitworth,Portland State,9

Western Washington University B,Boise State,4

Whitworth,Western Washington University B,2

Boise State,Portland State,1

Whitworth,Boise State,5

Western Washington University B,Portland State,6

Oregon State,Whitworth,8

Oregon State,Western Washington University B,6

Whitworth,Washington State,1

Washington State,Western Washington University B,6

Boise State,Portland State,2

Portland State,Idaho,3

Boise State,Central Washington,1

Central Washington,Idaho,7

Colorado-Colorado Springs,Air Force B,1

Colorado-Denver,Colorado B,8

Colorado School of Mines,New Mexico,2

Colorado Mesa,Colorado Cutthroat,1

Air Force,Colorado School of Mines,3

Colorado B,Colorado Cutthroat,1

Colorado Mesa,Air Force B,8

Colorado-Denver,Colorado-Colorado Springs,9

Air Force,Colorado-Denver,7

Colorado School of Mines,Air Force B,13

New Mexico,Colorado Cutthroat,8

Colorado-Colorado Springs,Colorado Mesa,1

Air Force,Colorado Cutthroat,10

Colorado School of Mines,Colorado Mesa,10

Colorado B,Colorado-Colorado Springs,10

New Mexico,Air Force B,9

Air Force,Colorado B,9

Air Force B,Colorado Cutthroat,4

Colorado-Denver,Colorado Mesa,2

New Mexico,Colorado-Colorado Springs,7

Air Force,Air Force B,15

Colorado School of Mines,Colorado B,8

Colorado-Denver,Colorado Cutthroat,7

New Mexico,Colorado Mesa,9

Air Force,New Mexico,3

Colorado-Denver,Colorado School of Mines,1

Colorado B,Air Force B,11

Colorado-Colorado Springs,Colorado Cutthroat,2

Air Force,Colorado Mesa,13

Colorado School of Mines,Colorado-Colorado Springs,11

New Mexico,Colorado B,10

Colorado-Denver,Air Force B,6

Texas,Texas A&M,8

Wisconsin,Illinois,6

Texas,Illinois,1

Wisconsin,Texas A&M,8

Wisconsin,Texas,4

Texas A&M,Illinois,4

Colorado,Texas-Dallas,4

LSU,Colorado State,1

Colorado,LSU,5

Texas-Dallas,Colorado State,2

Colorado,Colorado State,1

LSU,Texas-Dallas,1

Dartmouth,Kansas,4

Oklahoma State,Arkansas,5

Dartmouth,Arkansas,9

Oklahoma State,Kansas,3

Dartmouth,Oklahoma State,9

Kansas,Arkansas,2

Texas State,Utah,1

Iowa State,Oklahoma,5

Iowa State,Texas State,5

Utah,Oklahoma,5

Texas State,Oklahoma,7

Utah,Iowa State,4

Rice,North Texas,2

Wisconsin-Milwaukee,Texas A&M B,10

Rice,Texas A&M B,10

Wisconsin-Milwaukee,North Texas,3

Rice,Wisconsin-Milwaukee,5

North Texas,Texas A&M B,6

Trinity,LSU B,4

Baylor,Northern Iowa,4

Northern Iowa,Trinity,3

Baylor,LSU B,5

Baylor,Trinity,7

Northern Iowa,LSU B,1

Colorado State B,Stephen F. Austin,2

Wisconsin B,Texas-Dallas B,2

Colorado State B,Texas-Dallas B,4

Wisconsin B,Stephen F. Austin,6

Wisconsin B,Colorado State B,1

Stephen F. Austin,Texas-Dallas B,4

Texas-San Antonio,Houston,7

Texas B,Texas State B,1

Texas-San Antonio,Texas B,10

Houston,Texas State B,1

Texas-San Antonio,Texas State B,6

Houston,Texas B,3

Texas State,Kansas,2

Oklahoma,Arkansas,4

Oklahoma,Kansas,2

Arkansas,Texas State,4

Kansas,Arkansas,2

Oklahoma,Texas State,5

Stephen F. Austin,Texas B,4

Texas State B,Texas-Dallas B,1

Stephen F. Austin,Texas State B,7

Texas B,Texas-Dallas B,7

Stephen F. Austin,Texas-Dallas B,3

Texas B,Texas State B,1

Rice,Wisconsin-Milwaukee,15

Rice,Northern Iowa,8

Wisconsin-Milwaukee,Baylor,1

Rice,Texas-San Antonio,10

Northern Iowa,North Texas,1

Wisconsin-Milwaukee,Trinity,6

Baylor,Wisconsin B,8

Texas-San Antonio,LSU B,5

North Texas,Colorado State B,5

Trinity,Houston,7

Wisconsin B,Texas A&M B,5

Baylor,Northern Iowa,4

Wisconsin B,North Texas,3

North Texas,Texas-San Antonio,2

Wisconsin B,Trinity,11

Texas-San Antonio,Trinity,15

Texas A&M B,LSU B,4

LSU B,Colorado State B,1

Texas A&M B,Houston,8

Colorado State B,Houston,11

Colorado,Wisconsin,1

Wisconsin,LSU,2

Colorado,Texas,8

Wisconsin,Colorado State,2

LSU,Oklahoma State,4

Texas,Iowa State,1

Colorado,Dartmouth,4

Colorado State,Utah,1

Oklahoma State,Texas A&M,1

Iowa State,Texas-Dallas,3

Dartmouth,Illinois,2

Texas,LSU,1

Colorado State,Dartmouth,7

Colorado State,Oklahoma State,5

Dartmouth,Iowa State,3

Iowa State,Oklahoma State,15

Illinois,Texas A&M,2

Texas A&M,Utah,6

Illinois,Texas-Dallas,1

Utah,Texas-Dallas,2

Iowa,Miami Ohio,4

Middle Tennessee State,Southern Indiana,3

Iowa,Ball State,8

Miami Ohio,Middle Tennessee State,2

Iowa,Middle Tennessee State,5

Ball State,Southern Indiana,10

Iowa,Southern Indiana,10

Miami Ohio,Ball State,3

Miami Ohio,Southern Indiana,5

Middle Tennessee State,Ball State,6

Vanderbilt,Arkansas State,7

Missouri,Tennessee Tech,9

Vanderbilt,Northern Illinois,10

Missouri,Arkansas State,6

Vanderbilt,Missouri,5

Tennessee Tech,Northern Illinois,9

Vanderbilt,Tennessee Tech,6

Arkansas State,Northern Illinois,9

Tennessee Tech,Arkansas State,1

Missouri,Northern Illinois,8

Iowa,Miami Ohio,12

Iowa,Middle Tennessee State,9

Miami Ohio,Vanderbilt,2

Iowa,Southern Indiana,11

Middle Tennessee State,Missouri,1

Miami Ohio,Tennessee Tech,4

Vanderbilt,Ball State,1

Southern Indiana,Arkansas State,1

Ball State,Northern Illinois,13

Vanderbilt,Middle Tennessee State,1

Missouri,Southern Indiana,15

Tennessee Tech,Ball State,5

Arkansas State,Northern Illinois,1

Michigan,SUNY-Geneseo,9

James Madison,Delaware,3

Michigan,James Madison,7

Delaware,Princeton,1

SUNY-Geneseo,Delaware,3

James Madison,Princeton,1

Michigan,Delaware,12

SUNY-Geneseo,Princeton,3

Michigan,Princeton,7

SUNY-Geneseo,James Madison,3

Maryland,George Mason,12

Drexel,Cornell,3

Maryland,Cornell,4

Temple,Drexel,6

Drexel,George Mason,2

Temple,Cornell,4

Maryland,Drexel,10

Temple,George Mason,7

Maryland,Temple,3

Cornell,George Mason,7

Johns Hopkins,SUNY-Buffalo,5

Penn State,North Carolina-Charlotte,3

Johns Hopkins,Penn State,2

Virginia Tech,North Carolina-Charlotte,10

North Carolina-Charlotte,SUNY-Buffalo,1

Penn State,Virginia Tech,2

Johns Hopkins,North Carolina-Charlotte,5

Virginia Tech,SUNY-Buffalo,9

Johns Hopkins,Virginia Tech,5

Penn State,SUNY-Buffalo,8

William & Mary,East Carolina,5

Connecticut,Williams,7

William & Mary,Connecticut,2

Georgetown,Williams,2

Williams,East Carolina,3

Connecticut,Georgetown,3

William & Mary,Williams,7

East Carolina,Georgetown,1

William & Mary,Georgetown,7

Connecticut,East Carolina,5

North Carolina-Charlotte,James Madison,10

Williams,Drexel,9

James Madison,Drexel,1

North Carolina-Charlotte,Williams,1

Virginia Tech,Delaware,7

Georgetown,Cornell,5

Virginia Tech,Georgetown,4

Delaware,Cornell,6

Michigan,Johns Hopkins,3

Michigan,William & Mary,1

Johns Hopkins,Maryland,3

Michigan,Temple,4

William & Mary,Penn State,3

Johns Hopkins,Connecticut,2

Maryland,SUNY-Geneseo,8

William & Mary,Maryland,1

Penn State,Connecticut,4

Penn State,Temple,5

Connecticut,SUNY-Geneseo,3

Temple,SUNY-Geneseo,8

East Carolina,George Mason,3

East Carolina,Princeton,2

George Mason,SUNY-Buffalo,12

Princeton,SUNY-Buffalo,3

Maryland B,Dartmouth B,3

Pennsylvania B,Siena,3

Maryland B,Siena,8

Dartmouth B,Pennsylvania B,11

Maryland B,Pennsylvania B,6

Dartmouth B,Siena,11

Connecticut B,Temple B,8

James Madison B,Georgetown B,2

James Madison B,Temple B,7

Connecticut B,Georgetown B,4

Georgetown B,Temple B,1

James Madison B,Connecticut B,3

William & Mary B,Edinboro,5

Messiah,Towson B,13

William & Mary B,Towson B,10

Messiah,Penn State B,5

Messiah,Edinboro,3

Penn State B,Towson B,13

Messiah,William & Mary B,12

Penn State B,Edinboro,5

Penn State B,William & Mary B,9

Edinboro,Towson B,9

Maryland B,James Madison B,7

Connecticut B,Dartmouth B,4

Georgetown B,Pennsylvania B,1

Siena,Temple B,3

Siena,Towson B,3

Pennsylvania B,Temple B,1

Siena,Temple B,3

Towson B,Pennsylvania B,3

Pennsylvania B,Siena,3

Temple B,Towson B,9

Connecticut B,Penn State B,6

Penn State B,Maryland B,4

Connecticut B,Dartmouth B,3

Penn State B,Georgetown B,11

Maryland B,Edinboro,5

Dartmouth B,James Madison B,6

Connecticut B,William & Mary B,9

Maryland B,Dartmouth B,4

Edinboro,William & Mary B,2

Edinboro,Georgetown B,6

William & Mary B,James Madison B,7

James Madison B,Georgetown B,9

Central Florida,Alabama-Huntsville,3

Notre Dame,Georgia Southern,7

Alabama-Huntsville,Georgia Southern,2

Notre Dame,Central Florida,2

Central Florida,Georgia Southern,6

Alabama-Huntsville,Notre Dame,3

Florida State,Tennessee-Chattanooga,2

Florida State,Minnesota-Duluth,4

Auburn,Tennessee-Chattanooga,5

Auburn,Florida State,3

Minnesota-Duluth,Tennessee-Chattanooga,1

Auburn,Minnesota-Duluth,10

Cincinnati,Alabama,3

Tennessee,Mississippi State,3

Tennessee,Cincinnati,7

Alabama,Tennessee,2

Cincinnati,Mississippi State,10

Alabama,Mississippi State,8

Georgia State,Clemson,5

Harvard,Clemson,6

Tulane,Georgia State,10

Tulane,Harvard,1

Clemson,Tulane,1

Harvard,Georgia State,9

Central Florida,Auburn,5

Central Florida,Florida State,5

Auburn,Alabama-Huntsville,2

Central Florida,Alabama,5

Florida State,Tulane,11

Auburn,Harvard,4

Alabama-Huntsville,Tennessee,1

Florida State,Alabama-Huntsville,7

Tennessee,Tulane,6

Tulane,Alabama,2

Tennessee,Harvard,1

Harvard,Alabama,5

Notre Dame,Cincinnati,3

Notre Dame,Minnesota-Duluth,5

Cincinnati,Georgia Southern,7

Notre Dame,Clemson,1

Minnesota-Duluth,Mississippi State,1

Georgia Southern,Georgia State,3

Cincinnati,Tennessee-Chattanooga,1

Minnesota-Duluth,Georgia Southern,1

Georgia State,Tennessee-Chattanooga,3

Tennessee-Chattanooga,Clemson,3

Georgia State,Mississippi State,1

Clemson,Mississippi State,4

Florida B,Central Florida B,5

Georgia Tech B,Embry-Riddle Florida,1

Central Florida B,Florida Tech B,7

Florida B,Florida Tech B,12

Embry-Riddle Florida,Central Florida B,7

Georgia Tech B,Central Florida B,11

Embry-Riddle Florida,Florida Tech B,10

Florida B,Embry-Riddle Florida,7

Georgia Tech B,Florida Tech B,12

Georgia Tech B,Florida B,2

Florida State B,South Florida B,6

Stetson,Columbus State,10

Florida State B,North Georgia,2

Notre Dame B,Columbus State,9

Stetson,South Florida B,9

North Georgia,Columbus State,10

South Florida B,Notre Dame B,1

North Georgia,Stetson,2

Florida State B,Notre Dame B,9

North Georgia,South Florida B,7

Florida State B,Columbus State,9

Stetson,Notre Dame B,7

North Georgia,Notre Dame B,5

Florida State B,Stetson,10

South Florida B,Columbus State,5

Florida Tech B,Columbus State,2

Notre Dame B,Columbus State,4

Central Florida B,South Florida B,3

Embry-Riddle Florida,Stetson,5

Notre Dame B,Florida Tech B,4

Florida State B,Georgia Tech B,5

Georgia Tech B,North Georgia,6

Florida State B,Florida B,3

Georgia Tech B,South Florida B,8

North Georgia,Embry-Riddle Florida,1

Florida B,Stetson,7

Florida State B,Central Florida B,9

North Georgia,Florida B,3

Bates College B,Colby B,3

Bates College B,Brandeis B,1

Colby B,Brandeis B,6

Bates College,Emerson,10

Colby,Emerson,11

Bates College,Colby,5

Emerson,Bates College B,5

Bates College,Colby B,13

Colby,Brandeis B,11

North Carolina,North Carolina State,6

Richmond,William & Mary,2

Bentley,Worcester Polytech,8

Amherst College,Massachusetts-Lowell,3

Massachusetts-Lowell,Worcester Polytech,7

Bates College,Amherst College,6

Amherst College,Bentley,1

Bates College,Massachusetts-Lowell,7

Amherst College,Worcester Polytech,3

Bates College,Bentley,7

Bates College,Worcester Polytech,12

Bentley,Massachusetts-Lowell,4

Butler,Indiana Wesleyan,8

Indiana Wesleyan,Eastern Illinois,1

Butler,Eastern Illinois,9
SUNY-Oneonta,Towson B,10

Maryland-Baltimore County B,St Mary's Maryland,3

SUNY-Oneonta,Maryland-Baltimore County B,13

Towson B,St Mary's Maryland,1

SUNY-Oneonta,St Mary's Maryland,12

Maryland-Baltimore County B,Towson B,1

American B,Lancaster Bible,3

Delaware B,SUNY Oneonta B,11

Lancaster Bible,SUNY Oneonta B,2

Delaware B,American B,5

Delaware B,Lancaster Bible,10

American B,SUNY Oneonta B,4

SUNY-Oneonta,Delaware B,9

SUNY-Oneonta,American B,14

Delaware B,Maryland-Baltimore County B,8

SUNY-Oneonta,SUNY Oneonta B,14

American B,Towson B,11

Maryland-Baltimore County B,Lancaster Bible,10

Delaware B,St Mary's Maryland,12

St Mary's Maryland,SUNY Oneonta B,2

SUNY Oneonta B,Towson B,5

St Mary's Maryland,Lancaster Bible,1

Towson B,Lancaster Bible,3

Maryland-Baltimore County B,American B,2

