source,target,weight
North Carolina,Duke,8
North Carolina,East Carolina,11
North Carolina,Johns Hopkins,13
North Carolina,Virginia,11
North Carolina,Appalachian State,11
North Carolina,Maryland,12
North Carolina,Liberty,13
North Carolina,James Madison,13
North Carolina,William,8
North Carolina,Virginia Tech,15
North Carolina,South Carolina,0
North Carolina,Georgetown,7
North Carolina,North Carolina,0
North Carolina,Christopher Newport,13
North Carolina,Elon,11
North Carolina,Richmond,6
North Carolina,Mary Washington,13
North Carolina,High Point,13
North Carolina,Charleston,11
North Carolina,Clemson,9
North Carolina,Wake Forest,13
North Carolina,Davidson,7
North Carolina,Campbell,10
North Carolina,Anderson,12
Duke,North Carolina,11
Duke,Johns Hopkins,11
Duke,East Carolina,11
Duke,Maryland,11
Duke,James Madison,11
Duke,Georgetown,0
Duke,Wake Forest,11
Duke,Clemson,11
Duke,Charleston,11
Duke,Appalachian State,11
Johns Hopkins,East Carolina,13
Johns Hopkins,Duke,9
Johns Hopkins,North Carolina,5
Johns Hopkins,Maryland,7
Johns Hopkins,Virginia Tech,14
Johns Hopkins,William,12
Johns Hopkins,Virginia,15
Johns Hopkins,Georgetown,12
Johns Hopkins,Salisbury,11
Johns Hopkins,American,11
Johns Hopkins,Towson,15
East Carolina,Johns Hopkins,8
East Carolina,North Carolina,5
East Carolina,Duke,6
East Carolina,Liberty,9
East Carolina,South Carolina,4
East Carolina,Appalachian State,11
East Carolina,Wake Forest,11
East Carolina,Charleston,11
East Carolina,Clemson,10
Virginia,North Carolina,13
Virginia,Maryland,7
Virginia,Appalachian State,12
Virginia,Johns Hopkins,8
Virginia,James Madison,9
Virginia,Georgetown,14
Virginia,George Washington,15
Virginia,Delaware,13
Virginia,Virginia Tech,9
Maryland,Appalachian State,12
Maryland,Virginia,10
Maryland,North Carolina,13
Maryland,Johns Hopkins,12
Maryland,South Carolina,10
Maryland,Duke,14
Maryland,George Washington,F
Maryland,James Madison,11
Maryland,American,7
Maryland,Salisbury,11
Maryland,Georgetown,11
Maryland,Towson,13
Maryland,Delaware,6
Maryland,Maryland,6
Appalachian State,Maryland,11
Appalachian State,North Carolina,2
Appalachian State,Virginia,6
Appalachian State,Liberty,13
Appalachian State,East Carolina,10
Appalachian State,South Carolina,11
Appalachian State,Clemson,10
Appalachian State,Charleston,11
Appalachian State,Wake Forest,11
Appalachian State,Duke,9
Liberty,North Carolina,5
Liberty,William,6
Liberty,James Madison,10
Liberty,Appalachian State,11
Liberty,East Carolina,13
William,James Madison,11
William,Liberty,10
William,North Carolina,10
William,Johns Hopkins,11
William,Georgetown,12
William,South Carolina,6
James Madison,William,12
James Madison,North Carolina,4
James Madison,Liberty,13
James Madison,South Carolina,6
James Madison,Virginia,12
James Madison,Duke,13
James Madison,Maryland,7
James Madison,George Washington,15
James Madison,Delaware,9
South Carolina,Georgetown,13
South Carolina,North Carolina,0
South Carolina,Virginia Tech,12
South Carolina,Maryland,13
South Carolina,James Madison,15
South Carolina,William,11
South Carolina,Delaware,7
South Carolina,American,15
South Carolina,East Carolina,11
South Carolina,Appalachian State,8
Georgetown,South Carolina,6
Georgetown,Virginia Tech,7
Georgetown,North Carolina,12
Georgetown,William,10
Georgetown,Virginia,12
Georgetown,Duke,1
Georgetown,Johns Hopkins,11
Georgetown,American,W
Georgetown,Salisbury,11
Georgetown,Maryland,6
Georgetown,Towson,11
Georgetown,Delaware,5
Georgetown,George Washington,7
Virginia Tech,North Carolina,7
Virginia Tech,Georgetown,13
Virginia Tech,South Carolina,10
Virginia Tech,Johns Hopkins,12
Virginia Tech,American,15
Virginia Tech,Delaware,10
Virginia Tech,George Washington,15
Virginia Tech,Virginia,13
Home Team,Away Team,Home Score
Away Team,Home Team,Away Score
Mary Washington,Navy,14
Mary Washington,High Point,12
Mary Washington,Davidson,5
Mary Washington,North Carolina,12
Mary Washington,Christopher Newport,13
Mary Washington,Shenandoah,13
Mary Washington,St Mary,13
Mary Washington,Richmond,15
Navy,Mary Washington,15
Navy,Davidson,6
Navy,High Point,F
Navy,Richmond,7
Navy,Elon,15
Navy,Catholic,13
Navy,Roanoke,13
Navy,Christopher Newport,15
Davidson,High Point,12
Davidson,Navy,15
Davidson,Mary Washington,7
Davidson,Richmond,5
Davidson,Elon,10
Davidson,North Carolina,10
Davidson,Anderson,13
Davidson,Campbell,10
High Point,Davidson,6
High Point,Mary Washington,6
High Point,Navy,F
High Point,North Carolina,4
High Point,Christopher Newport,12
High Point,Campbell,10
High Point,Elon,7
High Point,Anderson,13
Christopher Newport,North Carolina,11
Christopher Newport,Richmond,6
Christopher Newport,Elon,F
Christopher Newport,Mary Washington,1
Christopher Newport,High Point,10
Christopher Newport,St Mary,13
Christopher Newport,Shenandoah,13
Christopher Newport,Navy,3
Christopher Newport,Catholic,13
Richmond,Elon,15
Richmond,Christopher Newport,15
Richmond,North Carolina,15
Richmond,Davidson,15
Richmond,Navy,15
Richmond,Roanoke,13
Richmond,Catholic,13
Richmond,Mary Washington,7
Richmond,Luther,10
Richmond,Valparaiso,11
Richmond,Bowdoin,9
Richmond,Middlebury,11
Richmond,Missouri ,15
Elon,Richmond,8
Elon,North Carolina,9
Elon,Christopher Newport,F
Elon,Davidson,9
Elon,Navy,13
Elon,Anderson,10
Elon,High Point,11
Elon,Campbell,12
Delaware,South Carolina,12
Delaware,American,13
Delaware,Virginia Tech,8
Delaware,Virginia,11
Delaware,James Madison,13
Delaware,Towson,13
Delaware,George Washington,10
Delaware,Maryland,9
Delaware,Georgetown,13
Delaware,Salisbury,15
American,Virginia Tech,2
American,Delaware,1
American,South Carolina,1
American,Maryland,8
American,George Washington,5
American,Georgetown,L
American,Salisbury,8
American,Johns Hopkins,3
American,Towson,11
George Washington,Maryland,F
George Washington,Virginia,9
George Washington,James Madison,5
George Washington,Virginia Tech,3
George Washington,American,13
George Washington,Delaware,5
George Washington,Towson,13
George Washington,Salisbury,15
George Washington,Georgetown,9
Illinois State,Chicago,7
Illinois State,Michigan,10
Illinois State,Indiana,7
Illinois State,Loyola,11
Illinois State,Illinois,7
Illinois State,Northwestern,0
Illinois State,DePaul,14
Chicago,Illinois State,4
Chicago,Michigan,0
Chicago,Indiana,2
Chicago,Grand Valley,11
Chicago,Loyola,14
Chicago,Illinois,0
Chicago,Michigan State,7
Chicago,Kentucky,3
Chicago,Northern Illinois,11
Chicago,DePaul,13
Chicago,Northwestern,10
Michigan,Chicago,11
Michigan,Illinois State,9
Michigan,Purdue,11
Michigan,Northwestern,15
Michigan,Indiana,15
Michigan,Illinois,15
Michigan,Notre Dame,6
Michigan,Kentucky,11
Michigan,Michigan State,11
Michigan,Grand Valley,15
Michigan,Western Michigan,15
Grand Valley,Kentucky,12
Grand Valley,Notre Dame,11
Grand Valley,Chicago,7
Grand Valley,Northwestern,12
Grand Valley,Michigan,6
Grand Valley,Michigan State,15
Kentucky,Grand Valley,10
Kentucky,Notre Dame,F
Kentucky,Purdue,7
Kentucky,Michigan,3
Kentucky,Loyola,11
Kentucky,Ball State,9
Kentucky,Indiana,10
Kentucky,Southern Indiana,13
Kentucky,Michigan State,5
Kentucky,Chicago,11
Notre Dame,Kentucky,W
Notre Dame,Grand Valley,5
Notre Dame,Michigan,13
Notre Dame,Purdue,11
Notre Dame,Southern Indiana,13
Notre Dame,Ball State,13
Notre Dame,Indiana,6
Notre Dame,Illinois,7
Notre Dame,Northwestern,2
Purdue,Michigan,10
Purdue,Northwestern,9
Purdue,Illinois,6
Purdue,Kentucky,11
Purdue,Notre Dame,12
Purdue,Indiana,6
Purdue,Southern Indiana,13
Purdue,Ball State,11
Northwestern,Michigan,2
Northwestern,Purdue,10
Northwestern,Indiana,7
Northwestern,Grand Valley,13
Northwestern,Notre Dame,15
Northwestern,Illinois,11
Northwestern,Michigan State,11
Northwestern,DePaul,13
Northwestern,Northern Illinois,13
Northwestern,Chicago,8
Northwestern,Illinois State,0
Northwestern,Loyola,15
Indiana,Loyola,15
Indiana,Illinois,6
Indiana,Michigan,4
Indiana,Chicago,11
Indiana,Northwestern,10
Indiana,Illinois State,13
Indiana,Ball State,13
Indiana,Purdue,9
Indiana,Southern Indiana,13
Indiana,Kentucky,7
Indiana,Notre Dame,15
Indiana,Michigan State,11
Loyola,Indiana,4
Loyola,Illinois,12
Loyola,Chicago,10
Loyola,Illinois State,6
Loyola,Kentucky,7
Loyola,Northwestern,5
Loyola,Northern Illinois,8
Loyola,DePaul,13
Illinois,Loyola,4
Illinois,Indiana,9
Illinois,Michigan,3
Illinois,Purdue,10
Illinois,Chicago,0
Illinois,Notre Dame,13
Illinois,Northwestern,8
Illinois,Michigan State,15
Illinois,Illinois State,13
Illinois,Illinois,1
Illinois,Northern Illinois,0
Illinois,DePaul,6
Knox,North Park,5
Knox,Eastern Illinois,12
Knox,Valparaiso,8
Knox,Olivet Nazarene,14
Knox,Wheaton,10
Knox,Butler,7
North Park,Knox,12
North Park,Valparaiso,4
North Park,Eastern Illinois,12
North Park,Butler,11
North Park,Rose,8
North Park,Olivet Nazarene,13
North Park,Wheaton,7
Valparaiso,Eastern Illinois,12
Valparaiso,North Park,15
Valparaiso,Knox,10
Valparaiso,Olivet Nazarene,13
Valparaiso,Butler,6
Valparaiso,Rose,13
Valparaiso,Indiana Wesleyan,12
Valparaiso,Kettering,13
Valparaiso,Kalamazoo,13
Valparaiso,Bowdoin,6
Valparaiso,Richmond,6
Valparaiso,Luther,9
Valparaiso,Franciscan,11
Valparaiso,Claremont,15
Eastern Illinois,Valparaiso,0
Eastern Illinois,Knox,7
Eastern Illinois,North Park,7
Eastern Illinois,Olivet Nazarene,5
Eastern Illinois,Wheaton,7
Butler,Wheaton,15
Butler,Rose,13
Butler,Olivet Nazarene,7
Butler,Valparaiso,13
Butler,North Park,12
Butler,Knox,5
Butler,Kalamazoo,13
Butler,Kettering,13
Butler,Indiana Wesleyan,13
Wheaton,Butler,5
Wheaton,Olivet Nazarene,5
Wheaton,Rose,9
Wheaton,Knox,5
Wheaton,Eastern Illinois,10
Wheaton,North Park,13
Wheaton,Wentworth,4
Wheaton,Brandeis,4
Wheaton,Stonehill,9
Wheaton,Bentley,4
Olivet Nazarene,Rose,14
Olivet Nazarene,Wheaton,13
Olivet Nazarene,Butler,14
Olivet Nazarene,Valparaiso,4
Olivet Nazarene,Knox,10
Olivet Nazarene,Eastern Illinois,13
Olivet Nazarene,North Park,14
Rose,Olivet Nazarene,7
Rose,Butler,5
Rose,Wheaton,4
Rose,Valparaiso,3
Rose,North Park,10
Rose,Indiana Wesleyan,11
Rose,Kalamazoo,8
Rose,Kettering,13
Syracuse,SUNY,12
Syracuse,Rutgers,5
Syracuse,Connecticut,9
Syracuse,Princeton,14
SUNY,Syracuse,10
SUNY,Rutgers,0
SUNY,SUNY,6
SUNY,Connecticut,9
SUNY,RIT,9
SUNY,Cornell,6
SUNY,NYU,7
SUNY,Marist,6
SUNY,Stevens Tech,9
SUNY,Hamilton,6
SUNY,Wesleyan,1
SUNY,Ithaca,4
SUNY,Rochester,8
SUNY,Rensselaer Polytech,8
SUNY,Southern Connecticut,12
SUNY,Sacred Heart,13
SUNY,Yale,0
SUNY,Princeton,8
SUNY,SUNY Oneonta,5
SUNY,Hofstra,11
SUNY,Rowan,13
SUNY,Columbia,10
Rutgers,SUNY,0
Rutgers,Syracuse,13
Rutgers,Connecticut,7
Rutgers,Yale,13
Rutgers,Princeton,9
Rutgers,Cornell,10
Rutgers,Columbia,11
Rutgers,New Jersey,13
Rutgers,NYU,10
Connecticut,SUNY,15
Connecticut,Rutgers,13
Connecticut,Cornell,15
Connecticut,Syracuse,15
Connecticut,Yale,11
Connecticut,Southern Connecticut,13
Connecticut,Sacred Heart,13
Connecticut,Princeton,12
RIT,SUNY,15
RIT,Cornell,13
RIT,Yale,12
Cornell,SUNY,13
Cornell,RIT,10
Cornell,Connecticut,10
Cornell,NYU,15
Cornell,SUNY Oneonta,13
Cornell,Rutgers,12
Cornell,Yale,15
Princeton,NYU,9
Princeton,Yale,12
Princeton,Syracuse,13
Princeton,Rutgers,7
Princeton,SUNY,9
Princeton,Connecticut,9
Princeton,Rowan,10
Princeton,Hofstra,13
NYU,Princeton,6
NYU,Yale,9
NYU,Cornell,8
NYU,SUNY,9
NYU,New Jersey,13
NYU,Columbia,10
NYU,Rutgers,7
Yale,NYU,12
Yale,Princeton,7
Yale,Rutgers,7
Yale,RIT,15
Yale,Sacred Heart,15
Yale,Connecticut,4
Yale,SUNY,0
Yale,Southern Connecticut,13
Yale,Cornell,3
Marist,SUNY,15
Marist,Hamilton,14
Marist,Wesleyan,15
Marist,Stevens Tech,15
Marist,New Haven,11
Marist,Rensselaer Polytech,11
Marist,Union,11
Marist,Skidmore,11
Stevens Tech,SUNY,11
Stevens Tech,Hamilton,8
Stevens Tech,Marist,10
Stevens Tech,Rensselaer Polytech,10
Stevens Tech,Rochester,13
Stevens Tech,Army,1
Stevens Tech,New York,13
Stevens Tech,College of,11
Hamilton,Stevens Tech,13
Hamilton,SUNY,12
Hamilton,Marist,15
Hamilton,Colgate,15
Hamilton,Rochester,14
Hamilton,Michigan Tech,11
Hamilton,Middlebury,10
Hamilton,Franciscan,13
Hamilton,Luther,5
Hamilton,Berry,7
Colgate,Rensselaer Polytech,11
Colgate,Wesleyan,0
Colgate,Hamilton,12
Colgate,Ithaca,13
Rensselaer Polytech,Colgate,7
Rensselaer Polytech,Wesleyan,5
Rensselaer Polytech,Stevens Tech,9
Rensselaer Polytech,SUNY,9
Rensselaer Polytech,Union,11
Rensselaer Polytech,Marist,5
Rensselaer Polytech,Skidmore,15
Rensselaer Polytech,New Haven,9
Rensselaer Polytech,Army,9
Wesleyan,Rensselaer Polytech,15
Wesleyan,Colgate,0
Wesleyan,Marist,12
Wesleyan,Army,15
Wesleyan,SUNY,15
Wesleyan,Saint Rose,11
Wesleyan,Hartford,11
Wesleyan,Vassar,11
Ithaca,Rochester,9
Ithaca,Army,0
Ithaca,Colgate,8
Ithaca,SUNY,13
Rochester,Ithaca,10
Rochester,Army,4
Rochester,Hamilton,6
Rochester,SUNY,11
Rochester,Stevens Tech,9
Army,Rochester,12
Army,Ithaca,0
Army,Wesleyan,14
Army,Stevens Tech,0
Army,Vassar,11
Army,Hartford,10
Army,Saint Rose,11
Army,Rensselaer Polytech,13
Brown,Vermont,13
Brown,Northeastern,9
Brown,Boston College,13
Brown,Massachusetts,5
Brown,MIT,13
Brown,Tufts,15
Brown,Dartmouth,11
Brown,Massachusetts Amherst,10
Brown,Rhode Island,13
Brown,New Hampshire,12
Brown,Maine,13
Brown,Colby,W
Brown,Amherst College,W
Vermont,Brown,8
Vermont,Boston College,12
Vermont,MIT,11
Vermont,Northeastern,10
Vermont,Massachusetts,13
Vermont,Tufts,6
Vermont,Harvard,15
Vermont,Dartmouth,13
Vermont,Maine,13
Vermont,New Hampshire,8
Vermont,Rhode Island,13
Vermont,Colby,10
Vermont,Amherst College,12
Vermont,Massachusetts Amherst,13
Northeastern,MIT,0
Northeastern,Brown,12
Northeastern,Massachusetts,15
Northeastern,Vermont,13
Northeastern,Boston College,11
Northeastern,Massachusetts Amherst,10
Northeastern,Dartmouth,8
Northeastern,Boston University,13
Northeastern,Harvard,13
Northeastern,Tufts,W
Northeastern,Northeastern,L
MIT,Northeastern,0
MIT,Massachusetts,15
MIT,Vermont,9
MIT,Boston College,8
MIT,Brown,6
MIT,Dartmouth,10
MIT,Harvard,12
MIT,Boston University,11
MIT,Tufts,6
Boston College,Massachusetts,15
Boston College,Vermont,11
Boston College,Brown,2
Boston College,MIT,11
Boston College,Northeastern,8
Boston College,Tufts,8
Boston College,Boston University,13
Boston College,Harvard,11
Massachusetts,Boston College,6
Massachusetts,MIT,5
Massachusetts,Northeastern,6
Massachusetts,Brown,13
Massachusetts,Vermont,15
Massachusetts,Tufts,0
Massachusetts,Harvard,5
Massachusetts,Dartmouth,11
Massachusetts,New Hampshire,13
Massachusetts,No Opponent,0
Massachusetts,Rhode Island,13
Massachusetts,Maine,13
Massachusetts,Amherst College,13
Massachusetts,Massachusetts Amherst,13
Massachusetts,Colby,13
Massachusetts,Massachusetts,15
Massachusetts,Boston University,4
Tufts,Massachusetts,13
Tufts,Dartmouth,13
Tufts,New Hampshire,0
Tufts,Harvard,F
Tufts,Tufts,F
Tufts,Brown,7
Tufts,Vermont,15
Tufts,Boston College,15
Tufts,Northeastern,F
Tufts,MIT,9
Tufts,Boston University,15
Harvard,New Hampshire,13
Harvard,Massachusetts,13
Harvard,Tufts,W
Harvard,Dartmouth,11
Harvard,Vermont,12
Harvard,MIT,6
Harvard,Northeastern,6
Harvard,Boston College,13
Harvard,Boston University,12
New Hampshire,Harvard,11
New Hampshire,Tufts,0
New Hampshire,Dartmouth,1
New Hampshire,Massachusetts,2
New Hampshire,Vermont,4
New Hampshire,Maine,11
New Hampshire,Brown,9
New Hampshire,Rhode Island,13
Dartmouth,Tufts,7
Dartmouth,Massachusetts,5
Dartmouth,New Hampshire,13
Dartmouth,Harvard,13
Dartmouth,MIT,15
Dartmouth,Vermont,7
Dartmouth,Brown,15
Dartmouth,Northeastern,9
Dartmouth,Massachusetts Amherst,9
Dartmouth,Colby,13
Dartmouth,Amherst College,W
Dartmouth,Bowdoin,13
Dartmouth,Bates College,13
Dartmouth,Middlebury,13
No Opponent,Massachusetts,0
No Opponent,Haverford,0
No Opponent,Shippensburg,0
No Opponent,Embry,0
No Opponent,Stetson,0
No Opponent,No Opponent,0
Middlebury,Bentley,15
Middlebury,Williams,14
Middlebury,Bowdoin,12
Middlebury,Bryant University,15
Middlebury,Colby,12
Middlebury,Bates College,10
Middlebury,Dartmouth,10
Middlebury,Franciscan,11
Middlebury,Hamilton,12
Middlebury,Michigan Tech,14
Middlebury,Air Force,15
Middlebury,Richmond,12
Middlebury,Bryant,15
Bentley,Middlebury,6
Bentley,Bowdoin,8
Bentley,Williams,3
Bentley,Bates College,9
Bentley,Brandeis,12
Bentley,Stonehill,13
Bentley,Wheaton,13
Bentley,Wentworth,13
Bowdoin,Williams,15
Bowdoin,Bentley,15
Bowdoin,Middlebury,7
Bowdoin,Bryant University,15
Bowdoin,Colby,10
Bowdoin,Bates College,13
Bowdoin,Dartmouth,7
Bowdoin,Valparaiso,10
Bowdoin,Luther,14
Bowdoin,Richmond,11
Bowdoin,Air Force,10
Bowdoin,Michigan Tech,13
Williams,Bowdoin,6
Williams,Middlebury,11
Williams,Bentley,15
Williams,Colby,8
Williams,Bates College,15
Williams,Brandeis,15
Bryant University,Brandeis,11
Bryant University,Bates College,15
Bryant University,Colby,6
Bryant University,Middlebury,2
Bryant University,Bowdoin,5
Brandeis,Bryant University,7
Brandeis,Colby,8
Brandeis,Bates College,4
Brandeis,Williams,10
Brandeis,Bentley,11
Brandeis,Wheaton,13
Brandeis,Wentworth,13
Brandeis,Stonehill,15
Colby,Bates College,13
Colby,Brandeis,15
Colby,Bryant University,10
Colby,Bowdoin,13
Colby,Williams,15
Colby,Vermont,5
Colby,Brown,F
Colby,Massachusetts Amherst,1
Colby,Dartmouth,4
Colby,Amherst College,W
Colby,Massachusetts,2
Colby,Middlebury,10
Colby,Berry,11
Colby,Missouri ,8
Colby,Carleton Colleg,5
Colby,Bryant,5
Colby,Claremont,11
Colby,Franciscan,12
Bates College,Colby,6
Bates College,Bryant University,7
Bates College,Brandeis,15
Bates College,Williams,11
Bates College,Bentley,10
Bates College,Bowdoin,5
Bates College,Middlebury,8
Bates College,Dartmouth,5
Massachusetts Amherst,Northeastern,12
Massachusetts Amherst,Brown,13
Massachusetts Amherst,Dartmouth,12
Massachusetts Amherst,Amherst College,13
Massachusetts Amherst,Colby,13
Massachusetts Amherst,Massachusetts,11
Massachusetts Amherst,Vermont,11
Michigan Tech,St Olaf,12
Michigan Tech,St John,13
Michigan Tech,Winona State,13
Michigan Tech,St,13
Michigan Tech,Carleton College,7
Michigan Tech,Luther,F
Michigan Tech,Milwaukee School,13
Michigan Tech,Wisconsin,13
Michigan Tech,Carthage College,13
Michigan Tech,Hamilton,13
Michigan Tech,Franciscan,15
Michigan Tech,Middlebury,9
Michigan Tech,Bowdoin,10
Michigan Tech,Portland,4
St Olaf,Michigan Tech,9
St Olaf,St,15
St Olaf,St John,15
St Olaf,Winona State,7
St Olaf,Luther,7
St Olaf,Wisconsin,15
St Olaf,Carleton Hot,15
St Olaf,Macalester,15
St Olaf,Carleton College,4
Winona State,St John,15
Winona State,Michigan Tech,7
Winona State,St,12
Winona State,St Olaf,6
Winona State,Carleton College,3
Winona State,Macalester,14
Winona State,Bethel,1
St John,Winona State,6
St John,Michigan Tech,7
St John,St,15
St John,St Olaf,11
St John,Carleton Hot,11
St John,Macalester,12
St John,Bethel,14
St,St Olaf,12
St,St John,13
St,Winona State,15
St,Michigan Tech,7
St,Macalester,12
St,Wisconsin,14
St,Carleton College,4
St,Bethel,15
Macalester,Wisconsin,13
Macalester,Carleton College,7
Macalester,Carleton Hot,15
Macalester,Luther,7
Macalester,Winona State,15
Macalester,St,15
Macalester,St John,13
Macalester,St Olaf,10
Wisconsin,Macalester,8
Wisconsin,Carleton College,8
Wisconsin,Carleton Hot,13
Wisconsin,Luther,1
Wisconsin,St Olaf,13
Wisconsin,St,15
Wisconsin,Wisconsin,9
Wisconsin,Marquette,15
Wisconsin,Northern Michigan,9
Wisconsin,Carthage College,12
Wisconsin,Michigan Tech,5
Wisconsin,Milwaukee School,7
Wisconsin,Minnesota,10
Wisconsin,Iowa State,9
Carleton College,Luther,11
Carleton College,Wisconsin,12
Carleton College,Macalester,13
Carleton College,Carleton Hot,13
Carleton College,Michigan Tech,13
Carleton College,Winona State,15
Carleton College,Minnesota,12
Carleton College,North Dakota,13
Carleton College,Minnesota State,13
Carleton College,Bethel,15
Carleton College,St,15
Carleton College,St Olaf,15
Luther,Carleton College,4
Luther,Carleton Hot,13
Luther,Wisconsin,0
Luther,Macalester,15
Luther,Michigan Tech,F
Luther,St Olaf,13
Luther,Minnesota,0
Luther,Marquette,6
Luther,Richmond,8
Luther,Bowdoin,13
Luther,Valparaiso,14
Luther,Carleton Colleg,10
Luther,Hamilton,14
Carleton Hot,Luther,4
Carleton Hot,Wisconsin,8
Carleton Hot,Macalester,10
Carleton Hot,Carleton College,1
Carleton Hot,St John,10
Carleton Hot,St Olaf,10
Carleton Hot,Bethel,15
Washington,British Columbia,1
Washington,Victoria,8
Washington,Montana,13
Washington,Idaho,13
Washington,Utah,13
Washington,Oregon,13
Washington,Oregon State,5
Washington,Western Washington,1
Washington,Washington,1
British Columbia,Washington,13
British Columbia,Montana,9
British Columbia,Utah,9
British Columbia,Victoria,13
British Columbia,Idaho,13
British Columbia,Montana State,0
British Columbia,Utah State,15
British Columbia,Boise State,W
British Columbia,Western Washington,13
British Columbia,Oregon State,6
Victoria,Utah,14
Victoria,Washington,13
Victoria,Idaho,13
Victoria,British Columbia,6
Victoria,Montana,14
Victoria,Oregon,6
Victoria,Western Washington,12
Victoria,Oregon State,13
Utah,Victoria,7
Utah,Idaho,13
Utah,British Columbia,10
Utah,Montana,13
Utah,Washington,9
Utah,Oregon State,14
Utah,Whitman,12
Utah,Gonzaga,13
Utah,Brigham Young,13
Utah,Boise State,13
Utah,Washington State,13
Utah,Utah State,9
Utah,Montana State,11
Montana,Idaho,13
Montana,British Columbia,11
Montana,Washington,2
Montana,Utah,5
Montana,Victoria,8
Montana,Montana State,11
Montana,Oregon State,F
Montana,Utah State,10
Montana,Brigham Young,6
Montana,Boise State,13
Idaho,Montana,8
Idaho,Utah,9
Idaho,Victoria,5
Idaho,Washington,6
Idaho,British Columbia,4
Idaho,Utah State,6
Idaho,Boise State,10
Idaho,Brigham Young,6
Idaho,Montana State,10
Idaho,Gonzaga,10
Oregon,Oregon State,13
Oregon,Whitman,13
Oregon,Utah State,13
Oregon,Boise State,13
Oregon,Montana State,13
Oregon,Washington,10
Oregon,Victoria,9
Oregon,Western Washington,13
Oregon State,Oregon,2
Oregon State,Utah State,13
Oregon State,Montana State,9
Oregon State,Whitman,13
Oregon State,Boise State,13
Oregon State,Washington,8
Oregon State,Utah,11
Oregon State,Montana,F
Oregon State,Western Washington,7
Oregon State,Oregon State,6
Oregon State,Victoria,10
Oregon State,British Columbia,13
Whitman,Montana State,F
Whitman,Oregon,6
Whitman,Boise State,13
Whitman,Oregon State,8
Whitman,Utah State,13
Whitman,Utah,11
Whitman,Pacific Lutheran,13
Whitman,Willamette University,13
Whitman,Portland,15
Whitman,Lewis,13
Whitman,Seattle,W
Montana State,Whitman,F
Montana State,Boise State,12
Montana State,Oregon State,10
Montana State,Utah State,10
Montana State,Oregon,9
Montana State,Montana,13
Montana State,British Columbia,0
Montana State,Brigham Young,5
Montana State,Idaho,13
Montana State,Utah,6
Montana State,Washington State,11
Utah State,Boise State,13
Utah State,Oregon State,11
Utah State,Oregon,9
Utah State,Montana State,13
Utah State,Whitman,9
Utah State,British Columbia,8
Utah State,Idaho,13
Utah State,Montana,12
Utah State,Brigham Young,9
Utah State,Utah,12
Boise State,Utah State,6
Boise State,Montana State,5
Boise State,Whitman,3
Boise State,Oregon,1
Boise State,Oregon State,4
Boise State,British Columbia,L
Boise State,Idaho,13
Boise State,Brigham Young,13
Boise State,Washington State,8
Boise State,Gonzaga,12
Boise State,Utah,8
Boise State,Montana,2
Pittsburgh,Ohio State,0
Pittsburgh,Carnegie Mellon,15
Pittsburgh,Villanova,15
Pittsburgh,Miami,W
Pittsburgh,Temple,W
Pittsburgh,Lehigh,10
Pittsburgh,Pennsylvania,13
Pittsburgh,Penn State,14
Pittsburgh,Case Western,14
Pittsburgh,Oberlin,W
Ohio State,Pittsburgh,0
Ohio State,Ohio,15
Ohio State,Cincinnati,13
Ohio State,West Chester,15
Ohio State,Toledo,13
Ohio State,Miami,13
Ohio State,Kent State,13
Ohio State,Case Western,10
Ohio State,Pennsylvania,13
Ohio State,Oberlin,13
Ohio State,Temple,11
Ohio State,Penn State,9
Carnegie Mellon,Pittsburgh,9
Carnegie Mellon,Drexel,13
Carnegie Mellon,Dayton,14
Carnegie Mellon,Ohio,14
Carnegie Mellon,Penn State,12
Ohio,Ohio State,1
Ohio,Temple,14
Ohio,Lehigh,15
Ohio,Carnegie Mellon,7
Ohio,Villanova,W
Ohio,Dayton,11
Ohio,Wright State,11
Ohio,Cleveland State,11
Ohio,Akron,11
Ohio,Case Western,11
Ohio,Cincinnati,0
Villanova,Pittsburgh,3
Villanova,Case Western,14
Villanova,Ohio,F
Villanova,Lehigh,11
Villanova,West Chester,W
Villanova,Saint Joseph,13
Villanova,Pennsylvania,W
Villanova,Temple,11
Drexel,Carnegie Mellon,5
Drexel,Penn State,15
Drexel,Lehigh,15
Drexel,West Chester,15
Drexel,Millersville,13
Drexel,Temple,4
Drexel,Saint Joseph,15
Temple,Ohio,13
Temple,Pittsburgh,F
Temple,Penn State,10
Temple,Cincinnati,5
Temple,West Chester,12
Temple,Millersville,12
Temple,Drexel,10
Temple,Villanova,13
Temple,Lehigh,15
Temple,Case Western,8
Temple,Ohio State,10
Temple,Pennsylvania,11
Temple,Oberlin,W
Cincinnati,Ohio State,6
Cincinnati,Pennsylvania,12
Cincinnati,Case Western,9
Cincinnati,Temple,11
Cincinnati,Kent State,13
Cincinnati,Toledo,13
Cincinnati,Miami,13
Cincinnati,Ohio,0
Miami,Pittsburgh,0
Miami,Case Western,F
Miami,Dayton,9
Miami,South Florida,7
Miami,Central Florida,5
Miami,Florida Atlantic,11
Miami,North Florida,W
Miami,Kent State,13
Miami,Toledo,13
Miami,Ohio State,3
Miami,Cincinnati,5
Case Western,Villanova,13
Case Western,Penn State,0
Case Western,Cincinnati,15
Case Western,Miami,W
Case Western,Wright State,11
Case Western,Akron,11
Case Western,Dayton,11
Case Western,Cleveland State,11
Case Western,Ohio,8
Case Western,Ohio State,13
Case Western,Temple,9
Case Western,Oberlin,13
Case Western,Pittsburgh,2
Case Western,Pennsylvania,9
Dayton,Carnegie Mellon,8
Dayton,Penn State,7
Dayton,Pennsylvania,F
Dayton,Miami,12
Dayton,Ohio,7
Dayton,Cleveland State,11
Dayton,Case Western,8
Dayton,Wright State,11
Dayton,Akron,11
Penn State,Drexel,14
Penn State,Carnegie Mellon,11
Penn State,Case Western,0
Penn State,Temple,12
Penn State,Dayton,15
Penn State,Oberlin,15
Penn State,Pittsburgh,10
Penn State,Ohio State,12
Penn State,Pennsylvania,F
Lehigh,Ohio,10
Lehigh,Villanova,12
Lehigh,Drexel,8
Lehigh,Pittsburgh,15
Lehigh,Muhlenberg,2
Lehigh,Messiah,2
Lehigh,Haverford,6
Lehigh,Pennsylvania,10
Lehigh,Saint Joseph,13
Lehigh,Temple,5
Lehigh,Jefferson,8
Lehigh,Swarthmore,4
Lehigh,Ursinus,13
Lehigh,Scranton,5
Lehigh,Lancaster Bible,15
Pennsylvania,Cincinnati,11
Pennsylvania,West Chester,13
Pennsylvania,Dayton,W
Pennsylvania,Pittsburgh,4
Pennsylvania,Saint Joseph,13
Pennsylvania,Lehigh,13
Pennsylvania,Villanova,L
Pennsylvania,Ohio State,4
Pennsylvania,Temple,10
Pennsylvania,Case Western,8
Pennsylvania,Oberlin,W
Pennsylvania,Penn State,W
West Chester,Ohio State,5
West Chester,Villanova,L
West Chester,Pennsylvania,6
West Chester,Drexel,7
West Chester,Temple,11
West Chester,Millersville,W
Muhlenberg,Lehigh,11
Muhlenberg,Messiah,8
Muhlenberg,Shippensburg,13
Muhlenberg,Scranton,15
Muhlenberg,Lancaster Bible,13
Muhlenberg,Haverford,11
Muhlenberg,Swarthmore,9
Messiah,Lehigh,12
Messiah,Muhlenberg,10
Messiah,Xavier,14
Messiah,Swarthmore,0
Xavier,Wooster,11
Xavier,Oberlin,0
Xavier,Grove City,15
Xavier,Messiah,10
Xavier,Cedarville,8
Xavier,Denison,12
Xavier,Ohio Northern,11
Wooster,Xavier,5
Wooster,Oberlin,5
Wooster,Swarthmore,12
Wooster,Denison,15
Wooster,Ohio Northern,14
Wooster,Cedarville,11
Wooster,Kenyon,12
Oberlin,Wooster,10
Oberlin,Xavier,0
Oberlin,Shippensburg,15
Oberlin,Franciscan,13
Oberlin,Ohio Wesleyan,13
Oberlin,John Carroll,13
Oberlin,Kenyon,13
Oberlin,Penn State,1
Oberlin,Ohio State,2
Oberlin,Case Western,0
Oberlin,Pittsburgh,F
Oberlin,Temple,F
Oberlin,Pennsylvania,F
Swarthmore,Grove City,9
Swarthmore,Franciscan,1
Swarthmore,Wooster,15
Swarthmore,Cedarville,6
Swarthmore,Messiah,0
Swarthmore,Ursinus,13
Swarthmore,Lehigh,13
Swarthmore,Jefferson,13
Swarthmore,Muhlenberg,15
Swarthmore,Haverford,15
Grove City,Swarthmore,8
Grove City,Franciscan,7
Grove City,Xavier,10
Franciscan,Grove City,13
Franciscan,Swarthmore,13
Franciscan,Cedarville,0
Franciscan,Haverford,15
Franciscan,Oberlin,12
Franciscan,John Carroll,13
Franciscan,Kenyon,13
Franciscan,Ohio Wesleyan,13
Franciscan,Middlebury,10
Franciscan,Michigan Tech,8
Franciscan,Hamilton,12
Franciscan,Valparaiso,15
Franciscan,Colby,15
Shippensburg,Haverford,8
Shippensburg,Cedarville,9
Shippensburg,Muhlenberg,15
Shippensburg,Oberlin,8
Shippensburg,No Opponent,0
Haverford,Shippensburg,10
Haverford,Cedarville,5
Haverford,Lehigh,15
Haverford,Franciscan,8
Haverford,No Opponent,0
Haverford,Lancaster Bible,13
Haverford,Scranton,15
Haverford,Muhlenberg,10
Haverford,Swarthmore,6
Haverford,Jefferson,13
Cedarville,Haverford,6
Cedarville,Shippensburg,10
Cedarville,Franciscan,0
Cedarville,Swarthmore,15
Cedarville,Xavier,11
Cedarville,Denison,15
Cedarville,Ohio Northern,15
Cedarville,Wooster,15
Colorado,Texas,13
Colorado,Texas A,14
Colorado,Colorado,6
Colorado,Oklahoma State,11
Colorado,Texas State,15
Colorado,Saint Louis,9
Colorado,Colorado Mesa,11
Colorado,Colorado State,10
Colorado,Denver,7
Texas,Colorado,11
Texas,Colorado State,11
Texas,Texas Tech,10
Texas,Oklahoma State,15
Texas,Saint Louis,15
Texas,Kansas State,15
Texas,Texas A,11
Texas,Oklahoma,13
Texas,Baylor,13
Texas,North Texas,11
Texas,Stephen F,8
Texas,Southern Methodist,8
Texas,Texas Christian,5
Texas,Texas,3
Colorado State,Texas,10
Colorado State,Oklahoma,12
Colorado State,Arkansas,10
Colorado State,Texas A,11
Colorado State,Denver,13
Colorado State,Colorado,6
Colorado State,Colorado Mesa,10
Texas A,Colorado,9
Texas A,Texas State,13
Texas A,Texas,14
Texas A,Colorado State,13
Texas A,Texas Tech,15
Texas A,Washington University,12
Texas Tech,Texas,8
Texas Tech,Baylor,12
Texas Tech,Texas A,8
Texas Tech,Kansas,12
Texas Tech,North Texas,13
Texas Tech,Stephen F,13
Texas Tech,Texas Christian,1
Oklahoma,Colorado State,7
Oklahoma,Kansas,0
Oklahoma,Texas,9
Oklahoma,Oklahoma State,0
Oklahoma,Saint Louis,3
Oklahoma,Washington University,9
Oklahoma,Missouri,0
Oklahoma,Arkansas,0
Oklahoma,Missouri State,0
Oklahoma,Kansas State,2
Oklahoma,Central Arkansas,11
Oklahoma State,Texas,7
Oklahoma State,Washington University,0
Oklahoma State,Oklahoma,11
Oklahoma State,Colorado,15
Oklahoma State,Saint Louis,11
Oklahoma State,Central Arkansas,11
Oklahoma State,Kansas,11
Oklahoma State,Kansas State,11
Texas State,Texas A,10
Texas State,Colorado,9
Texas State,Kansas State,0
Texas State,Baylor,15
Baylor,Texas Tech,10
Baylor,Saint Louis,12
Baylor,Texas State,6
Baylor,Arkansas,0
Baylor,Texas,5
Baylor,North Texas,10
Baylor,Stephen F,13
Baylor,Texas Christian,9
Saint Louis,Texas,5
Saint Louis,Oklahoma,11
Saint Louis,Baylor,15
Saint Louis,Colorado,13
Saint Louis,Oklahoma State,4
Saint Louis,Kansas State,11
Saint Louis,Central Arkansas,11
Saint Louis,Kansas,8
Saint Louis,Missouri,0
Saint Louis,Missouri State,0
Saint Louis,Arkansas,0
Arkansas,Colorado State,9
Arkansas,Kansas,6
Arkansas,Kansas State,0
Arkansas,Baylor,0
Arkansas,Missouri,7
Arkansas,Oklahoma,0
Arkansas,Missouri State,11
Arkansas,Washington University,6
Arkansas,Central Arkansas,0
Arkansas,Saint Louis,0
Kansas,Oklahoma,0
Kansas,Texas Tech,10
Kansas,Arkansas,11
Kansas,Washington University,3
Kansas,Central Arkansas,11
Kansas,Kansas State,11
Kansas,Oklahoma State,6
Kansas,Saint Louis,10
Washington University,Oklahoma State,0
Washington University,Texas A,8
Washington University,Kansas State,12
Washington University,Kansas,11
Washington University,Oklahoma,6
Washington University,Missouri State,10
Washington University,Missouri,8
Washington University,Arkansas,10
Kansas State,Texas,5
Kansas State,Washington University,9
Kansas State,Texas State,15
Kansas State,Arkansas,0
Kansas State,Oklahoma,11
Kansas State,Kansas,6
Kansas State,Saint Louis,3
Kansas State,Oklahoma State,6
Kansas State,Central Arkansas,11
Kansas State,Missouri State,0
Kansas State,Missouri,15
Rice,John Brown,11
Rice,Trinity,15
Rice,Colorado School,W
Rice,Air Force,13
Rice,Missouri S,13
Rice,Colorado College,13
Rice,Truman State,15
John Brown,Rice,15
John Brown,Colorado School,12
John Brown,Trinity,15
John Brown,Missouri S,6
John Brown,Colorado College,11
John Brown,Truman State,5
John Brown,Harding,11
John Brown,Tulsa,7
Colorado School,Trinity,15
Colorado School,John Brown,8
Colorado School,Rice,L
Colorado School,Colorado College,9
Colorado School,Air Force,10
Colorado School,Colorado School,5
Trinity,Colorado School,8
Trinity,Rice,9
Trinity,John Brown,8
Trinity,Truman State,8
Air Force,Truman State,15
Air Force,Colorado College,2
Air Force,Missouri S,15
Air Force,Rice,15
Air Force,Colorado School,11
Air Force,Air Force,0
Air Force,Portland,12
Air Force,Claremont,14
Air Force,Bryant,11
Air Force,Middlebury,12
Air Force,Carleton Colleg,15
Air Force,Bowdoin,15
Truman State,Air Force,9
Truman State,Missouri S,8
Truman State,Colorado College,14
Truman State,Rice,12
Truman State,Trinity,15
Truman State,John Brown,9
Truman State,Tulsa,8
Truman State,Harding,10
Missouri S,Colorado College,13
Missouri S,Truman State,9
Missouri S,Air Force,9
Missouri S,John Brown,8
Missouri S,Rice,15
Missouri S,Tulsa,11
Missouri S,Harding,11
Colorado College,Missouri S,12
Colorado College,Air Force,13
Colorado College,Truman State,7
Colorado College,Rice,12
Colorado College,John Brown,12
Colorado College,Colorado School,7
Central Florida,Georgia Tech,6
Central Florida,Emory,11
Central Florida,Kennesaw State,11
Central Florida,Georgia,6
Central Florida,Alabama,6
Central Florida,Florida Atlantic,13
Central Florida,Miami,13
Central Florida,South Florida,10
Central Florida,Florida,7
Central Florida,Florida Tech,10
Georgia Tech,Central Florida,13
Georgia Tech,Kennesaw State,5
Georgia Tech,Emory,11
Georgia Tech,South Florida,13
Georgia Tech,Georgia,11
Georgia Tech,Florida,6
Georgia Tech,Florida Tech,13
Georgia Tech,LSU,15
Kennesaw State,Emory,13
Kennesaw State,Georgia Tech,13
Kennesaw State,Central Florida,9
Kennesaw State,Florida,10
Emory,Kennesaw State,10
Emory,Central Florida,7
Emory,Georgia Tech,12
Emory,LSU,13
Georgia,Tulane,13
Georgia,Tennessee,13
Georgia,Central Florida,10
Georgia,LSU,11
Georgia,Florida,8
Georgia,South Florida,13
Georgia,Georgia Tech,9
Georgia,Alabama,14
Tulane,Georgia,6
Tulane,Tennessee,9
Tulane,Florida State,8
Tulane,Mississippi State,11
Tulane,Southern Mississippi,11
Tulane,Troy,11
Tulane,Alabama,11
Tulane,Auburn,8
Tulane,Vanderbilt,15
Tennessee,Tennessee,9
Tennessee,Georgia,2
Tennessee,Tulane,7
Tennessee,Alabama,14
Auburn,Alabama,11
Auburn,South Florida,13
Auburn,Florida State,12
Auburn,LSU,12
Auburn,Mississippi State,11
Auburn,Southern Mississippi,11
Auburn,Tulane,10
Auburn,Troy,10
Alabama,Auburn,4
Alabama,Florida State,13
Alabama,South Florida,15
Alabama,Florida,7
Alabama,LSU,11
Alabama,Alabama,13
Alabama,Central Florida,7
Alabama,Tennessee,15
Alabama,Southern Mississippi,11
Alabama,Troy,11
Alabama,Mississippi State,11
Alabama,Tulane,13
Alabama,Vanderbilt,15
Alabama,Mississippi,13
Alabama,Jacksonville State,13
Alabama,Middle Tennessee,15
Alabama,Florida Tech,13
Alabama,Georgia,5
Florida State,South Florida,15
Florida State,Alabama,12
Florida State,Auburn,7
Florida State,Tulane,13
Florida State,North Florida,W
Florida State,Florida Gulf,13
Florida State,Florida,15
South Florida,Florida State,5
South Florida,Auburn,8
South Florida,Alabama,2
South Florida,Miami,13
South Florida,Florida Atlantic,11
South Florida,Central Florida,5
South Florida,Georgia,2
South Florida,Georgia Tech,4
South Florida,LSU,6
South Florida,Florida Tech,8
Florida,Alabama,10
Florida,LSU,13
Florida,Georgia,14
Florida,Kennesaw State,15
Florida,Florida Gulf,13
Florida,North Florida,W
Florida,Florida State,13
Florida,Central Florida,11
Florida,Florida Tech,13
Florida,Georgia Tech,10
LSU,Alabama,13
LSU,Florida,14
LSU,Georgia,7
LSU,Auburn,10
LSU,Emory,14
LSU,Mississippi,13
LSU,Jacksonville State,13
LSU,Middle Tennessee,13
LSU,Vanderbilt,13
LSU,Florida Tech,13
LSU,South Florida,12
LSU,Georgia Tech,8
North Georgia,Berry,6
North Georgia,Stetson,13
North Georgia,Belmont,13
North Georgia,Florida Tech,14
North Georgia,Embry,10
North Georgia,Samford,11
North Georgia,Dalton State,13
North Georgia,Georgia College,7
North Georgia,Ave Maria,15
Berry,North Georgia,13
Berry,Belmont,15
Berry,Stetson,13
Berry,Florida Tech,9
Berry,Samford,15
Berry,Union,15
Berry,Embry,0
Berry,Ave Maria,W
Berry,Georgia College,12
Berry,Colby,9
Berry,Carleton Colleg,6
Berry,Missouri ,10
Berry,Portland,5
Berry,Hamilton,14
Belmont,Stetson,13
Belmont,Berry,6
Belmont,North Georgia,6
Belmont,Samford,12
Belmont,Union,0
Stetson,Belmont,11
Stetson,North Georgia,2
Stetson,Berry,4
Stetson,Florida Tech,6
Stetson,Embry,9
Stetson,No Opponent,0
Stetson,Georgia College,15
Stetson,Dalton State,13
Stetson,Ave Maria,W
Samford,Embry,15
Samford,Florida Tech,7
Samford,Union,15
Samford,Berry,13
Samford,Belmont,15
Samford,North Georgia,10
Embry,Samford,11
Embry,Union,14
Embry,Florida Tech,7
Embry,North Georgia,7
Embry,No Opponent,0
Embry,Stetson,13
Embry,Berry,0
Embry,Ave Maria,13
Union,Florida Tech,6
Union,Embry,12
Union,Samford,8
Union,Berry,10
Union,Belmont,0
Union,Rensselaer Polytech,5
Union,Skidmore,6
Union,New Haven,3
Union,Marist,5
Florida Tech,Union,13
Florida Tech,Samford,15
Florida Tech,Embry,12
Florida Tech,Berry,7
Florida Tech,North Georgia,12
Florida Tech,Stetson,11
Florida Tech,Ave Maria,13
Florida Tech,Dalton State,15
Florida Tech,Alabama,3
Florida Tech,Florida,3
Florida Tech,LSU,2
Florida Tech,Georgia Tech,8
Florida Tech,Central Florida,7
Florida Tech,South Florida,5
Cal Poly,California,8
Cal Poly,Las Positas,13
Cal Poly,UCLA,6
Cal Poly,Cal Poly,7
Cal Poly,Cal State,12
Cal Poly,Southern California,13
Cal Poly,San Diego,10
California,Cal Poly,13
California,Las Positas,11
California,California,3
California,New Mexico,13
California,Chico State,15
California,Northern Arizona,11
California,Santa Clara,15
California,UCLA,11
California,Stanford,14
California,Southern California,6
California,Arizona,15
California,Humboldt State,11
California,Fresno State,11
California,Sacramento State,11
California,Cal State,13
California,San Diego,12
California,Loyola Marymount,13
Las Positas,California,6
Las Positas,Cal Poly,4
Las Positas,Southern California,7
Las Positas,Santa Clara,11
Las Positas,Humboldt State,10
Las Positas,Fresno State,11
Las Positas,Sacramento State,11
Las Positas,Nevada,13
Southern California,Stanford,15
Southern California,Humboldt State,13
Southern California,Arizona,12
Southern California,California,13
Southern California,UCLA,13
Southern California,Las Positas,15
Southern California,Loyola Marymount,13
Southern California,San Diego,13
Southern California,Cal Poly,7
Stanford,Southern California,13
Stanford,Arizona,14
Stanford,Humboldt State,13
Stanford,California,7
Stanford,Sonoma State,13
Stanford,Chico State,13
Stanford,Santa Clara,13
Stanford,Nevada,13
Stanford,San Jose,13
Arizona,Humboldt State,13
Arizona,Stanford,12
Arizona,Southern California,4
Arizona,California,7
Arizona,Northern Arizona,12
Arizona,Grand Canyon,13
Arizona,Arizona State,13
Arizona,New Mexico,13
Humboldt State,Arizona,9
Humboldt State,Southern California,9
Humboldt State,Stanford,6
Humboldt State,New Mexico,9
Humboldt State,California,7
Humboldt State,Las Positas,11
Humboldt State,Sacramento State,11
Humboldt State,Fresno State,11
Humboldt State,Nevada,15
Humboldt State,Sonoma State,15
New Mexico,California,7
New Mexico,Chico State,11
New Mexico,Northern Arizona,9
New Mexico,Humboldt State,15
New Mexico,Arizona State,13
New Mexico,Grand Canyon,13
New Mexico,Arizona,10
Chico State,California,10
Chico State,New Mexico,12
Chico State,Santa Clara,13
Chico State,San Jose,13
Chico State,Stanford,9
Chico State,Nevada,11
Chico State,Sonoma State,12
Northern Arizona,California,12
Northern Arizona,UCLA,10
Northern Arizona,Santa Clara,7
Northern Arizona,New Mexico,13
Northern Arizona,Arizona,10
Northern Arizona,Arizona State,13
Northern Arizona,Grand Canyon,13
UCLA,Santa Clara,13
UCLA,Northern Arizona,13
UCLA,California,7
UCLA,Cal Poly,13
UCLA,Southern California,7
UCLA,San Diego,13
UCLA,Loyola Marymount,13
Santa Clara,UCLA,4
Santa Clara,California,7
Santa Clara,Northern Arizona,10
Santa Clara,Chico State,9
Santa Clara,Las Positas,15
Santa Clara,Nevada,13
Santa Clara,Sonoma State,13
Santa Clara,Stanford,8
Santa Clara,San Jose,13
Brigham Young,Montana State,13
Brigham Young,Idaho,13
Brigham Young,Montana,13
Brigham Young,Utah State,13
Brigham Young,Boise State,9
Brigham Young,Utah,6
Brigham Young,Washington State,13
Brigham Young,Gonzaga,13
Washington State,Gonzaga,F
Washington State,Boise State,11
Washington State,Brigham Young,9
Washington State,Utah,4
Washington State,Montana State,3
Gonzaga,Washington State,W
Gonzaga,Utah,6
Gonzaga,Boise State,8
Gonzaga,Brigham Young,12
Gonzaga,Idaho,9
Western Washington,Oregon State,15
Western Washington,Washington,13
Western Washington,Oregon,6
Western Washington,Victoria,3
Western Washington,British Columbia,5
Charleston,North Carolina,8
Charleston,Wake Forest,11
Charleston,Duke,4
Charleston,Clemson,10
Charleston,Appalachian State,4
Charleston,East Carolina,3
Clemson,Wake Forest,11
Clemson,North Carolina,11
Clemson,Duke,2
Clemson,Charleston,11
Clemson,Appalachian State,6
Clemson,East Carolina,6
Wake Forest,Clemson,5
Wake Forest,Duke,1
Wake Forest,Charleston,2
Wake Forest,North Carolina,3
Wake Forest,East Carolina,3
Wake Forest,Appalachian State,4
Anderson,Campbell,6
Anderson,Elon,7
Anderson,Davidson,3
Anderson,High Point,5
Anderson,North Carolina,4
Campbell,Anderson,10
Campbell,High Point,7
Campbell,North Carolina,8
Campbell,Davidson,5
Campbell,Elon,6
Salisbury,Maryland,5
Salisbury,Johns Hopkins,2
Salisbury,American,11
Salisbury,Georgetown,1
Salisbury,Delaware,5
Salisbury,George Washington,10
Towson,Delaware,1
Towson,Maryland,3
Towson,George Washington,4
Towson,Johns Hopkins,6
Towson,Georgetown,2
Towson,American,5
Arizona State,Grand Canyon,10
Arizona State,New Mexico,6
Arizona State,Northern Arizona,3
Arizona State,Arizona,8
Grand Canyon,Arizona State,11
Grand Canyon,Arizona,10
Grand Canyon,New Mexico,7
Grand Canyon,Northern Arizona,10
Millersville,Drexel,5
Millersville,Temple,7
Millersville,West Chester,L
Millersville,Saint Joseph,W
Saint Joseph,Pennsylvania,1
Saint Joseph,Villanova,2
Saint Joseph,Lehigh,5
Saint Joseph,Drexel,4
Saint Joseph,Millersville,L
Ursinus,Swarthmore,2
Ursinus,Jefferson,6
Ursinus,Lehigh,1
Ursinus,Lancaster Bible,0
Jefferson,Lehigh,15
Jefferson,Ursinus,15
Jefferson,Swarthmore,6
Jefferson,Scranton,10
Jefferson,Haverford,9
Lancaster Bible,Haverford,3
Lancaster Bible,Muhlenberg,4
Lancaster Bible,Scranton,5
Lancaster Bible,Lehigh,5
Lancaster Bible,Ursinus,0
Scranton,Muhlenberg,7
Scranton,Haverford,7
Scranton,Lancaster Bible,12
Scranton,Jefferson,12
Scranton,Lehigh,15
Ball State,Indiana,6
Ball State,Southern Indiana,10
Ball State,Kentucky,8
Ball State,Notre Dame,7
Ball State,Purdue,1
Southern Indiana,Notre Dame,3
Southern Indiana,Ball State,5
Southern Indiana,Indiana,7
Southern Indiana,Purdue,6
Southern Indiana,Kentucky,2
Kalamazoo,Butler,2
Kalamazoo,Kettering,3
Kalamazoo,Rose,5
Kalamazoo,Indiana Wesleyan,9
Kalamazoo,Valparaiso,1
Indiana Wesleyan,Kettering,12
Indiana Wesleyan,Rose,9
Indiana Wesleyan,Valparaiso,7
Indiana Wesleyan,Kalamazoo,11
Indiana Wesleyan,Butler,0
Kettering,Indiana Wesleyan,4
Kettering,Kalamazoo,7
Kettering,Butler,6
Kettering,Valparaiso,1
Kettering,Rose,4
Georgia College,Stetson,4
Georgia College,Dalton State,W
Georgia College,North Georgia,13
Georgia College,Berry,11
Dalton State,North Georgia,2
Dalton State,Georgia College,F
Dalton State,Stetson,4
Dalton State,Florida Tech,1
Dalton State,Ave Maria,3
Ave Maria,Florida Tech,7
Ave Maria,Berry,F
Ave Maria,Embry,11
Ave Maria,North Georgia,14
Ave Maria,Dalton State,15
Ave Maria,Stetson,F
Florida Atlantic,Central Florida,3
Florida Atlantic,South Florida,8
Florida Atlantic,Miami,14
Florida Atlantic,Florida Gulf,15
North Florida,Florida State,F
North Florida,Florida,F
North Florida,Florida Gulf,0
North Florida,Miami,F
Florida Gulf,Florida,3
Florida Gulf,Florida State,3
Florida Gulf,North Florida,0
Florida Gulf,Florida Atlantic,5
Rhode Island,Brown,0
Rhode Island,Massachusetts,1
Rhode Island,Maine,11
Rhode Island,Vermont,3
Rhode Island,New Hampshire,0
Maine,Vermont,1
Maine,Rhode Island,10
Maine,New Hampshire,10
Maine,Massachusetts,4
Maine,Brown,1
Amherst College,Massachusetts,5
Amherst College,Massachusetts Amherst,2
Amherst College,Vermont,7
Amherst College,Brown,F
Amherst College,Colby,F
Amherst College,Dartmouth,F
Michigan State,Kentucky,6
Michigan State,Michigan,3
Michigan State,Chicago,8
Michigan State,Indiana,7
Michigan State,Illinois,0
Michigan State,Northwestern,2
Michigan State,Grand Valley,12
Michigan State,Western Michigan,15
Southern Mississippi,Alabama,4
Southern Mississippi,Tulane,2
Southern Mississippi,Auburn,2
Southern Mississippi,Troy,8
Southern Mississippi,Mississippi State,7
Southern Mississippi,Mississippi,13
Troy,Alabama,3
Troy,Tulane,1
Troy,Mississippi State,3
Troy,Southern Mississippi,10
Troy,Auburn,4
Troy,Mississippi,13
Mississippi State,Tulane,4
Mississippi State,Auburn,4
Mississippi State,Troy,11
Mississippi State,Alabama,6
Mississippi State,Southern Mississippi,11
Mississippi State,Jacksonville State,9
Jacksonville State,Vanderbilt,5
Jacksonville State,Middle Tennessee,11
Jacksonville State,LSU,8
Jacksonville State,Alabama,5
Jacksonville State,Mississippi,13
Jacksonville State,Mississippi State,13
Vanderbilt,Jacksonville State,11
Vanderbilt,Alabama,10
Vanderbilt,Middle Tennessee,11
Vanderbilt,Mississippi,13
Vanderbilt,LSU,6
Vanderbilt,Tulane,7
Middle Tennessee,Mississippi,13
Middle Tennessee,Jacksonville State,7
Middle Tennessee,Vanderbilt,10
Middle Tennessee,LSU,2
Middle Tennessee,Alabama,7
Mississippi,Middle Tennessee,9
Mississippi,LSU,7
Mississippi,Alabama,4
Mississippi,Vanderbilt,7
Mississippi,Jacksonville State,7
Mississippi,Southern Mississippi,15
Mississippi,Troy,8
Sacred Heart,Yale,3
Sacred Heart,SUNY,2
Sacred Heart,Southern Connecticut,7
Sacred Heart,Connecticut,2
Southern Connecticut,SUNY,10
Southern Connecticut,Connecticut,6
Southern Connecticut,Sacred Heart,8
Southern Connecticut,Yale,2
New Haven,Marist,2
New Haven,Union,11
New Haven,Skidmore,13
New Haven,Rensselaer Polytech,10
New Haven,Hartford,10
Skidmore,Union,11
Skidmore,Rensselaer Polytech,9
Skidmore,New Haven,15
Skidmore,Marist,7
Skidmore,Vassar,13
Vassar,Army,5
Vassar,Saint Rose,11
Vassar,Wesleyan,1
Vassar,Hartford,0
Vassar,Skidmore,11
Hartford,Saint Rose,10
Hartford,Army,9
Hartford,Wesleyan,5
Hartford,Vassar,0
Hartford,New Haven,15
Saint Rose,Hartford,6
Saint Rose,Wesleyan,1
Saint Rose,Vassar,3
Saint Rose,Army,3
DePaul,Northwestern,2
DePaul,Chicago,3
DePaul,Northern Illinois,9
DePaul,Illinois State,11
DePaul,Illinois,8
DePaul,Loyola,9
Northern Illinois,Chicago,6
Northern Illinois,Northwestern,1
Northern Illinois,DePaul,6
Northern Illinois,Illinois,0
Northern Illinois,Loyola,7
Marquette,Northern Michigan,13
Marquette,Wisconsin,1
Marquette,Luther,13
Marquette,Minnesota,13
Marquette,Iowa State,7
Northern Michigan,Marquette,2
Northern Michigan,Wisconsin,11
Milwaukee School,Michigan Tech,3
Milwaukee School,Wisconsin,13
Milwaukee School,Carthage College,13
Carthage College,Wisconsin,13
Carthage College,Milwaukee School,4
Carthage College,Michigan Tech,2
Boston University,Northeastern,6
Boston University,MIT,10
Boston University,Boston College,7
Boston University,Harvard,11
Boston University,Tufts,8
Boston University,Massachusetts,15
Wentworth,Wheaton,13
Wentworth,Brandeis,7
Wentworth,Stonehill,8
Wentworth,Bentley,5
Stonehill,Bentley,6
Stonehill,Wheaton,13
Stonehill,Wentworth,11
Stonehill,Brandeis,4
SUNY Oneonta,SUNY,10
SUNY Oneonta,Cornell,3
New Jersey,NYU,1
New Jersey,Rutgers,2
New Jersey,Columbia,7
New Jersey,Rowan,3
New Jersey,Hofstra,4
Columbia,Rutgers,8
Columbia,NYU,4
Columbia,New Jersey,11
Columbia,SUNY,6
Columbia,Rowan,11
Columbia,Hofstra,13
Rowan,Princeton,9
Rowan,SUNY,6
Rowan,Hofstra,11
Rowan,Columbia,5
Rowan,New Jersey,13
Hofstra,SUNY,6
Hofstra,Princeton,9
Hofstra,Rowan,7
Hofstra,Columbia,11
Hofstra,New Jersey,13
College of,New York,13
College of,Stevens Tech,7
New York,College of,2
New York,Stevens Tech,2
Western Michigan,Michigan,0
Western Michigan,Michigan State,1
Fresno State,California,1
Fresno State,Las Positas,2
Fresno State,Sacramento State,2
Fresno State,Humboldt State,2
Fresno State,San Jose,8
Sacramento State,California,5
Sacramento State,Humboldt State,5
Sacramento State,Las Positas,8
Sacramento State,Fresno State,11
Sacramento State,San Jose,15
Sonoma State,Stanford,6
Sonoma State,Santa Clara,10
Sonoma State,San Jose,13
Sonoma State,Chico State,5
Sonoma State,Nevada,2
Sonoma State,Humboldt State,12
Nevada,Santa Clara,8
Nevada,San Jose,13
Nevada,Chico State,13
Nevada,Stanford,7
Nevada,Sonoma State,13
Nevada,Las Positas,12
Nevada,Humboldt State,14
San Jose,Chico State,5
San Jose,Nevada,6
San Jose,Sonoma State,7
San Jose,Santa Clara,7
San Jose,Stanford,2
San Jose,Fresno State,15
San Jose,Sacramento State,8
Minnesota,Luther,1
Minnesota,Wisconsin,15
Minnesota,Marquette,9
Minnesota,Iowa State,15
Minnesota,Minnesota,5
Minnesota,Carleton College,10
Minnesota,Minnesota State,12
Minnesota,North Dakota,15
Iowa State,Wisconsin,15
Iowa State,Minnesota,5
Iowa State,Marquette,8
Catholic,Roanoke,11
Catholic,Navy,7
Catholic,Richmond,5
Catholic,Christopher Newport,7
Catholic,St Mary,15
Roanoke,Catholic,7
Roanoke,Richmond,2
Roanoke,Navy,4
Roanoke,Shenandoah,11
Shenandoah,Mary Washington,8
Shenandoah,Christopher Newport,5
Shenandoah,St Mary,11
Shenandoah,Roanoke,9
St Mary,Christopher Newport,2
St Mary,Mary Washington,4
St Mary,Shenandoah,7
St Mary,Catholic,2
Stephen F,North Texas,0
Stephen F,Texas Tech,1
Stephen F,Texas,13
Stephen F,Baylor,6
Stephen F,Texas Christian,5
Stephen F,Southern Methodist,9
North Texas,Stephen F,0
North Texas,Texas Tech,4
North Texas,Texas,7
North Texas,Baylor,7
North Texas,Southern Methodist,13
North Texas,Texas Christian,8
Texas Christian,Southern Methodist,13
Texas Christian,Texas,13
Texas Christian,North Texas,12
Texas Christian,Texas Tech,0
Texas Christian,Baylor,7
Texas Christian,Stephen F,10
Southern Methodist,Texas Christian,3
Southern Methodist,Texas,12
Southern Methodist,North Texas,6
Southern Methodist,Stephen F,5
Pacific Lutheran,Whitman,2
Pacific Lutheran,Portland,4
Pacific Lutheran,Willamette University,13
Pacific Lutheran,Lewis,4
Pacific Lutheran,Puget Sound,7
Pacific Lutheran,Seattle,W
Portland,Willamette University,13
Portland,Pacific Lutheran,13
Portland,Whitman,6
Portland,Whitworth,15
Portland,Puget Sound,15
Portland,Air Force,5
Portland,Bryant,4
Portland,Claremont,11
Portland,Berry,15
Portland,Michigan Tech,15
Willamette University,Portland,1
Willamette University,Whitman,0
Willamette University,Pacific Lutheran,2
Willamette University,Whitworth,5
Willamette University,Puget Sound,4
Willamette University,Seattle,W
Lewis,Whitworth,15
Lewis,Seattle,13
Lewis,Puget Sound,12
Lewis,Whitman,10
Lewis,Pacific Lutheran,15
Whitworth,Lewis,8
Whitworth,Puget Sound,13
Whitworth,Seattle,10
Whitworth,Portland,4
Whitworth,Willamette University,15
Puget Sound,Seattle,13
Puget Sound,Whitworth,11
Puget Sound,Lewis,8
Puget Sound,Portland,6
Puget Sound,Pacific Lutheran,15
Puget Sound,Willamette University,15
Seattle,Puget Sound,0
Seattle,Lewis,3
Seattle,Whitworth,5
Seattle,Whitman,F
Seattle,Pacific Lutheran,F
Seattle,Willamette University,F
Minnesota State,North Dakota,15
Minnesota State,Minnesota,8
Minnesota State,Carleton College,4
North Dakota,Minnesota State,11
North Dakota,Carleton College,0
North Dakota,Minnesota,3
Bethel,Carleton College,2
Bethel,Winona State,0
Bethel,St,10
Bethel,St John,12
Bethel,Carleton Hot,10
Toledo,Kent State,11
Toledo,Ohio State,3
Toledo,Miami,11
Toledo,Cincinnati,4
Toledo,Wright State,13
Toledo,Akron,1
Kent State,Toledo,9
Kent State,Miami,8
Kent State,Cincinnati,3
Kent State,Ohio State,1
Kent State,Wright State,0
Wright State,Case Western,3
Wright State,Ohio,6
Wright State,Akron,11
Wright State,Dayton,5
Wright State,Cleveland State,11
Wright State,Toledo,12
Wright State,Kent State,1
Akron,Cleveland State,11
Akron,Case Western,3
Akron,Wright State,7
Akron,Ohio,3
Akron,Dayton,3
Akron,Toledo,0
Cleveland State,Akron,4
Cleveland State,Dayton,4
Cleveland State,Ohio,1
Cleveland State,Case Western,2
Cleveland State,Wright State,6
John Carroll,Ohio Wesleyan,11
John Carroll,Franciscan,8
John Carroll,Kenyon,6
John Carroll,Oberlin,1
John Carroll,Denison,0
John Carroll,Ohio Northern,0
Ohio Wesleyan,John Carroll,10
Ohio Wesleyan,Kenyon,8
Ohio Wesleyan,Oberlin,3
Ohio Wesleyan,Franciscan,2
Ohio Wesleyan,Denison,0
Ohio Wesleyan,Ohio Northern,1
Kenyon,Ohio Wesleyan,13
Kenyon,John Carroll,13
Kenyon,Franciscan,5
Kenyon,Oberlin,3
Kenyon,Wooster,10
Kenyon,Denison,9
Denison,Wooster,8
Denison,Cedarville,6
Denison,Ohio Northern,8
Denison,Xavier,10
Denison,Kenyon,13
Denison,Ohio Wesleyan,1
Denison,John Carroll,1
Ohio Northern,Wooster,12
Ohio Northern,Denison,12
Ohio Northern,Cedarville,4
Ohio Northern,Xavier,9
Ohio Northern,Ohio Wesleyan,0
Ohio Northern,John Carroll,0
Missouri,Arkansas,6
Missouri,Oklahoma,0
Missouri,Missouri State,8
Missouri,Washington University,7
Missouri,Saint Louis,0
Missouri,Central Arkansas,0
Missouri,Kansas State,14
Missouri State,Washington University,9
Missouri State,Missouri,7
Missouri State,Arkansas,6
Missouri State,Oklahoma,0
Missouri State,Saint Louis,0
Missouri State,Kansas State,0
Missouri State,Central Arkansas,0
Central Arkansas,Kansas,5
Central Arkansas,Oklahoma State,4
Central Arkansas,Oklahoma,10
Central Arkansas,Saint Louis,1
Central Arkansas,Kansas State,3
Central Arkansas,Arkansas,0
Central Arkansas,Missouri,0
Central Arkansas,Missouri State,0
Tulsa,Harding,8
Tulsa,Truman State,3
Tulsa,Missouri S,3
Tulsa,John Brown,1
Harding,Tulsa,7
Harding,John Brown,6
Harding,Truman State,6
Harding,Missouri S,4
Colorado Mesa,Colorado,7
Colorado Mesa,Denver,7
Colorado Mesa,Colorado State,11
Denver,Colorado State,5
Denver,Colorado Mesa,12
Denver,Colorado,11
Cal State,California,1
Cal State,Cal Poly,11
Cal State,San Diego,10
Cal State,Loyola Marymount,0
San Diego,Loyola Marymount,10
San Diego,UCLA,2
San Diego,California,5
San Diego,Southern California,2
San Diego,Cal Poly,9
San Diego,Cal State,12
Loyola Marymount,San Diego,6
Loyola Marymount,Southern California,1
Loyola Marymount,UCLA,2
Loyola Marymount,California,6
Loyola Marymount,Cal State,0
Bryant,Claremont,15
Bryant,Portland,13
Bryant,Air Force,7
Bryant,Middlebury,9
Bryant,Colby,12
Bryant,Missouri ,8
Claremont,Bryant,2
Claremont,Air Force,3
Claremont,Portland,12
Claremont,Missouri ,6
Claremont,Colby,8
Claremont,Valparaiso,9
Carleton Colleg,Missouri ,11
Carleton Colleg,Berry,15
Carleton Colleg,Colby,14
Carleton Colleg,Air Force,13
Carleton Colleg,Luther,15
Missouri ,Carleton Colleg,10
Missouri ,Colby,11
Missouri ,Berry,12
Missouri ,Richmond,11
Missouri ,Claremont,14
Missouri ,Bryant,15
